facility_id,canonical_name,latest_year_present,responsible_emitter,anzsic,state,years_present,n_years,min_match_confidence,needs_review,latitude,longitude,geocode_confidence,name_2024-25,name_2023-24,name_2022-23,name_2021-22,name_2020-21,geocode_matched_place
F0229,Cleanaway Lucas Heights Resource Recovery Park,2023-24,Cleanaway Waste Management Limited,"Waste treatment, disposal and remediation services (292)",NSW,"2020-21,2021-22,2022-23,2023-24",4,100.0,False,-34.0457319730474,150.973120561478,not found,,1. Solid Waste Services - Lucas Heights,1. Solid Waste Services - Lucas Heights,New Illawarra Road Landfill,New Illawarra Road Landfill,
F0001,2. Solid Waste Services - MRL,2024-25,Cleanaway Waste Management Limited,"Waste treatment, disposal and remediation services (292)",VIC,"2024-25,2023-24,2022-23,2021-22",4,100.0,False,-37.7875972466807,144.72244532549,not found,2. Solid Waste Services - MRL,1. Solid Waste Services - MRL,1. Solid Waste Services - MRL,1. Solid Waste Services - MRL,,
F0003,APLNG Facility,2024-25,CONOCOPHILLIPS AUSTRALIA OPERATIONS PTY LTD,Oil and gas extraction (070),QLD,"2024-25,2023-24,2022-23,2021-22,2020-21",5,100.0,False,-23.75272674,151.1845945,not found,APLNG Facility,APLNG Facility,APLNG Facility,APLNG Facility,APLNG Facility,
F0004,APN01 Appin Colliery - ICH Facility,2024-25,ENDEAVOUR COAL PTY LIMITED,Coal mining (060),NSW,"2024-25,2023-24,2022-23,2021-22,2020-21",5,100.0,False,-34.2328756,150.832129,not found,APN01 Appin Colliery - ICH Facility,APN01 Appin Colliery - ICH Facility,APN01 Appin Colliery - ICH Facility,APN01 Appin Colliery - ICH Facility,APN01 Appin Colliery - ICH Facility,
F0005,Pyrenees,2024-25,WOODSIDE ENERGY GLOBAL PTY LTD,Oil and gas extraction (070),WA,"2020-21,2021-22,2022-23,2023-24,2024-25",5,100.0,False,-21.59057388,114.2585289,not found,APU01 Pyrenees - AOA Facility,APU01 Pyrenees - AOA Facility,APU01 Pyrenees - AOA Facility,APU01 Pyrenees - AOA Facility,APU01 Pyrenees - AOA Facility,
F0006,ARC01 Mining Area C - MNG Facility,2024-25,BHP IRON ORE PTY LTD,Metal ore mining (080),WA,"2024-25,2023-24,2022-23,2021-22,2020-21",5,100.0,False,-22.92625571,118.8828109,not found,ARC01 Mining Area C - MNG Facility,ARC01 Mining Area C - MNG Facility,ARC01 Mining Area C - MNG Facility,ARC01 Mining Area C - MNG Facility,ARC01 Mining Area C - MNG Facility,
F0264,ATCO Gas Australia Pty Ltd,2021-22,ATCO Gas Australia GP Pty Ltd,,WA,"2021-22,2020-21",2,100.0,False,-32.11442744,115.8585666,not found,,,,ATCO Gas Australia Pty Ltd,ATCO Gas Australia Pty Ltd,
F0002,Angaston Operations,2024-25,ADBRI LIMITED,"Cement, lime, plaster and concrete product manufacturing (203)",SA,"2024-25,2023-24,2022-23,2021-22",4,100.0,False,-34.49695273,139.0257727,not found,Angaston Operations,Angaston Operations,Angaston Operations,Angaston Operations,,
F0007,Arcadia,2024-25,Santos Limited,Oil and gas extraction (070),QLD,"2024-25,2023-24",2,100.0,False,-19.1432945,146.8595739,possible,Arcadia,Arcadia,,,,"Arcadia, Townsville, Queensland, Australia"
F0008,Arrow Surat Operations,2024-25,Arrow Energy Holdings Pty Ltd,Oil and gas extraction (070),QLD,"2024-25,2023-24",2,100.0,False,-27.0970511,150.9501408,not found,Arrow Surat Operations,Arrow Surat Operations,,,,
F0009,Ashton Coal Mine (Underground),2024-25,ASHTON COAL OPERATIONS PTY LIMITED,Coal mining (060),NSW,"2024-25,2023-24,2022-23,2021-22,2020-21",5,100.0,False,-32.46892251,151.0783896,not found,Ashton Coal Mine (Underground),Ashton Coal Mine (Underground),Ashton Coal Mine (Underground),Ashton Coal Mine (Underground),Ashton Coal Mine (Underground),
F0010,Aurizon National Transport Facility,2024-25,AURIZON OPERATIONS LIMITED,Rail freight transport (471),National,"2024-25,2023-24,2022-23",3,100.0,False,-27.4541664799022,153.038558618972,not found,Aurizon National Transport Facility,Aurizon National Transport Facility,Aurizon National Transport Facility,,,
F0265,Aurizon Rail Freight NSW,2021-22,AURIZON OPERATIONS LIMITED,,NSW,"2021-22,2020-21",2,100.0,False,,,not found,,,,Aurizon Rail Freight NSW,Aurizon Rail Freight NSW,
F0266,Aurizon Rail Freight QLD,2021-22,AURIZON OPERATIONS LIMITED,,QLD,"2021-22,2020-21",2,100.0,False,,,not found,,,,Aurizon Rail Freight QLD,Aurizon Rail Freight QLD,
F0267,Aurizon Rail Freight WA,2021-22,AURIZON OPERATIONS LIMITED,,WA,"2021-22,2020-21",2,100.0,False,,,not found,,,,Aurizon Rail Freight WA,Aurizon Rail Freight WA,
F0011,AusNet Gas Services Pty Ltd,2024-25,AusNet Services Holdings Pty Ltd,Gas supply (270),VIC,"2024-25,2023-24,2022-23,2021-22,2020-21",5,100.0,False,-37.82206192,144.9629601,not found,AusNet Gas Services Pty Ltd,AusNet Gas Services Pty Ltd,AusNet Gas Services Pty Ltd,AusNet Gas Services Pty Ltd,AusNet Gas Services Pty Ltd,
F0268,Australian Gas Networks (SA) Ltd,2021-22,Australian Gas Networks Limited,,SA,"2021-22,2020-21",2,100.0,False,,,not found,,,,Australian Gas Networks (SA) Ltd,Australian Gas Networks (SA) Ltd,
F0012,Australian Gas Networks (Vic) Pty Ltd,2024-25,Australian Gas Networks Holding Pty Ltd,Gas supply (270),VIC,"2024-25,2023-24,2022-23,2021-22,2020-21",5,95.0,True,,,not found,Australian Gas Networks (Vic) Pty Ltd,Australian Gas Networks (Vic) Pty Ltd,Australian Gas Networks (Vic) Pty Ltd,Australian Gas Networks (Vic) Pty Ltd,Australian Gas Networks (Vic) Pty Ltd,
F0013,Ballera,2024-25,Santos Limited,Oil and gas extraction (070),QLD,"2024-25,2023-24,2022-23,2021-22,2020-21",5,100.0,False,-27.4012301,141.8125148,possible,Ballera,Ballera,Ballera,Ballera,Ballera,"Ballera Airport, Durham Downs Road, Durham, Queensland, 4492, Australia"
F0014,Baralaba Coal Mine,2024-25,BARALABA COAL COMPANY PTY LTD ,Coal mining (060),QLD,"2024-25,2023-24,2022-23,2021-22,2020-21",5,100.0,False,-24.11232891,149.8001131,not found,Baralaba Coal Mine,Baralaba Coal Mine,Baralaba Coal Mine,Baralaba Coal Mine,Baralaba Coal Mine,
F0015,Batchfire Resources No.1,2024-25,BATCHFIRE RESOURCES PTY LTD,Coal mining (060),QLD,"2024-25,2023-24,2022-23,2021-22,2020-21",5,100.0,False,-24.32667888,150.6171634,not found,Batchfire Resources No.1,Batchfire Resources No.1,Batchfire Resources No.1,Batchfire Resources No.1,Batchfire Resources No.1,
F0016,Beaudesert Plant - A J Bush & Sons (Mfrs) P/L,2024-25,A.J. Bush & Sons (Manufactures) Pty Ltd,Meat and meat product manufacturing (111),QLD,2024-25,1,100.0,False,-27.99538539,152.9248366,not found,Beaudesert Plant - A J Bush & Sons (Mfrs) P/L,,,,,
F0017,Beharra Springs,2024-25,BEACH ENERGY LIMITED,Oil and gas extraction (070),WA,"2024-25,2023-24,2022-23",3,93.86792452830188,True,-29.4626921,115.1400568,likely,Beharra Springs,Beharra Springs,Beharra Springs,,,"Beharra Springs Gas Processing Facility, Arrowsmith, Western Australia, 6525, Australia"
F0018,Bell Bay Smelter,2024-25,RIO TINTO ALUMINIUM (BELL BAY) LIMITED,Basic non-ferrous metal manufacturing (213),TAS,"2024-25,2023-24,2022-23,2021-22,2020-21",5,100.0,False,-41.12863347,146.8681195,not found,Bell Bay Smelter,Bell Bay Smelter,Bell Bay Smelter,Bell Bay Smelter,Bell Bay Smelter,
F0019,Bengalla Operations,2024-25,Bengalla Mining Company Pty Limited,Coal mining (060),NSW,"2024-25,2023-24,2022-23,2021-22,2020-21",5,100.0,False,-32.28762207,150.8126655,not found,Bengalla Operations,Bengalla Operations,Bengalla Operations,Bengalla Operations,Bengalla Operations,
F0020,Birkenhead Operations,2024-25,ADBRI LIMITED,"Cement, lime, plaster and concrete product manufacturing (203)",SA,"2024-25,2023-24,2022-23,2021-22,2020-21",5,100.0,False,-34.83477583,138.5041597,not found,Birkenhead Operations,Birkenhead Operations,Birkenhead Operations,Birkenhead Operations,Birkenhead Operations,
F0021,Blackwater Coal Mine,2024-25,WHITEHAVEN BLACKWATER PTY LTD,Coal mining (060),QLD,"2020-21,2021-22,2022-23,2023-24,2024-25",5,100.0,False,-23.73324634,148.7952643,not found,Blackwater Coal Mine,Blackwater Mine,Blackwater Mine,Blackwater Mine,Blackwater Mine,
F0022,Blair Athol Operations,2024-25,ORION MINING PTY LTD,Coal mining (060),QLD,2024-25,1,100.0,False,-22.69071851,147.5108258,not found,Blair Athol Operations,,,,,
F0023,Boggabri Coal Minesite,2024-25,BOGGABRI COAL PTY LIMITED,Coal mining (060),NSW,"2024-25,2023-24,2022-23,2021-22,2020-21",5,100.0,False,-30.62941721,150.1448109,not found,Boggabri Coal Minesite,Boggabri Coal Minesite,Boggabri Coal Minesite,Boggabri Coal Minesite,Boggabri Coal Minesite,
F0024,Boyne Smelters Limited,2024-25,RIO TINTO ALUMINIUM LIMITED,Basic non-ferrous metal manufacturing (213),QLD,"2024-25,2023-24,2022-23,2021-22,2020-21",5,100.0,False,-23.92507925,151.3405038,not found,Boyne Smelters Limited,Boyne Smelters Limited,Boyne Smelters Limited,Boyne Smelters Limited,Boyne Smelters Limited,
F0025,Brockman 2 / Nammuldi Mines,2024-25,Hamersley Iron Pty. Limited,Metal ore mining (080),WA,"2024-25,2023-24,2022-23,2021-22,2020-21",5,100.0,False,-22.4181196,117.3608782,not found,Brockman 2 / Nammuldi Mines,Brockman 2 / Nammuldi Mines,Brockman 2 / Nammuldi Mines,Brockman 2 / Nammuldi Mines,Brockman 2 / Nammuldi Mines,
F0026,Brockman 4 Mine,2024-25,Hamersley Iron Pty. Limited,Metal ore mining (080),WA,"2024-25,2023-24,2022-23,2021-22,2020-21",5,100.0,False,-22.6134427,117.1738322,likely,Brockman 4 Mine,Brockman 4 Mine,Brockman 4 Mine,Brockman 4 Mine,Brockman 4 Mine,"Brockman 4 Mine, Nanutarra, Western Australia, 6751, Australia"
F0027,Bulga Coal Complex,2024-25,BULGA COAL MANAGEMENT PTY LIMITED,Coal mining (060),NSW,"2024-25,2023-24,2022-23,2021-22,2020-21",5,100.0,False,-32.67758377,151.0926973,not found,Bulga Coal Complex,Bulga Coal Complex,Bulga Coal Complex,Bulga Coal Complex,Bulga Coal Complex,
F0028,Burton Complex,2024-25,BOWEN COKING COAL LIMITED,Coal mining (060),QLD,"2024-25,2023-24",2,100.0,False,-21.62101854,148.188646,not found,Burton Complex,Burton Complex,,,,
F0029,Byerwen Mine,2024-25,BYERWEN COAL PTY LTD,Coal mining (060),QLD,"2024-25,2023-24,2022-23,2021-22,2020-21",5,100.0,False,-21.3335429,147.8408615,possible,Byerwen Mine,Byerwen Mine,Byerwen Mine,Byerwen  Mine,Byerwen  Mine,"Byerwen, (Mine Haulage Road), Suttor Creek Mine, Suttor, Queensland, 4743, Australia"
F0030,CAN01,2024-25,South32 Cannington Proprietary Limited,Metal ore mining (080),QLD,"2024-25,2023-24,2022-23,2021-22,2020-21",5,100.0,False,-21.85569466,140.9069917,not found,CAN01,CAN01,CAN01,CAN01,CAN01,
F0036,CEM NSW Berrima Maldon,2024-25,Boral Limited,"Cement, lime, plaster and concrete product manufacturing (203)",NSW,"2024-25,2023-24,2022-23,2021-22,2020-21",5,96.25,True,-34.50714911,150.3386072,not found,CEM NSW Berrima Maldon,CEM NSW Berrima Maldon,CEM NSW Berrima,CEM NSW Berrima,CEM NSW Berrima,
F0047,CSBP Kwinana Facility,2024-25,CSBP Limited,Fertiliser and pesticide manufacturing (183),WA,"2024-25,2023-24,2022-23,2021-22,2020-21",5,100.0,False,-32.24090199,115.7658162,not found,CSBP Kwinana Facility,CSBP Kwinana Facility,CSBP Kwinana Facility,CSBP Kwinana Facility,CSBP Kwinana Facility,
F0048,CTC WA Facility,2024-25,CENTURION TRANSPORT CO. PTY LTD,Road freight transport (461),WA,"2024-25,2023-24,2022-23,2021-22,2020-21",5,100.0,False,-31.92166688,116.0016368,not found,CTC WA Facility,CTC WA Facility,CTC WA Facility,CTC WA Facility,CTC WA Facility,
F0031,Capcoal Mine,2024-25,ANGLO COAL (CAPCOAL MANAGEMENT) PTY LIMITED,Coal mining (060),QLD,"2024-25,2023-24,2022-23,2021-22,2020-21",5,100.0,False,-22.92917742,148.5502155,not found,Capcoal Mine,Capcoal Mine,Capcoal Mine,Capcoal Mine,Capcoal Mine,
F0032,Carborough Downs Coal Mine,2024-25,FITZROY (CQ) PTY LTD,Coal mining (060),QLD,"2024-25,2023-24,2022-23,2021-22,2020-21",5,100.0,False,-21.99380933,148.2500349,not found,Carborough Downs Coal Mine,Carborough Downs Coal Mine,Carborough Downs Coal Mine,Carborough Downs Coal Mine,Carborough Downs Coal Mine,
F0033,Carmichael Coal Mine,2024-25,Adani Mining Pty Ltd,Coal mining (060),QLD,"2024-25,2023-24,2022-23,2021-22",4,100.0,False,-22.130175,146.4517775,likely,Carmichael Coal Mine,Carmichael Coal Mine,Carmichael Coal Mine,Carmichael Coal Mine,,"Carmichael Coal Mine, Belyando, Queensland, 4721, Australia"
F0034,Carosue Dam Operations,2024-25,NORTHERN STAR (CAROSUE DAM) PTY LTD,Metal ore mining (080),WA,"2024-25,2023-24,2022-23,2021-22,2020-21",5,92.5,True,-30.15354404,122.3509257,not found,Carosue Dam Operations,Carosue Dam Operations,Carosue Dam Operations,Carosue Dam Operations,Carosue Dam,
F0035,Caval Ridge Mine,2024-25,BM Alliance Coal Operations Pty Limited,Coal mining (060),QLD,"2024-25,2023-24,2022-23,2021-22,2020-21",5,100.0,False,-22.1591252,148.071542,likely,Caval Ridge Mine,Caval Ridge Mine,Caval Ridge Mine,Caval Ridge Mine,Caval Ridge Mine,"Caval Ridge Mine, Moranbah, Queensland, Australia"
F0037,Centurion Coal Mine,2024-25,Centurion Coal Mining Pty Ltd,Coal mining (060),QLD,"2020-21,2021-22,2022-23,2023-24,2024-25",5,100.0,False,-21.66132102,147.95727,not found,Centurion Coal Mine,Centurion Coal Mine,North Goonyella Coal Mine,North Goonyella Coal Mine,North Goonyella Coal Mine,
F0231,Chain Valley Colliery,2023-24,Delta Electricity Pty Ltd,Coal mining (060),NSW,2023-24,1,100.0,False,-33.1636988,151.5500495,likely,,Chain Valley Colliery,,,,"Chain Valley Colliery, Mannering Park, New South Wales, Australia"
F0038,Chandala Processing Plant,2024-25,Tronox Management Pty Ltd,Basic chemical manufacturing (181),WA,"2020-21,2021-22,2022-23,2023-24,2024-25",5,100.0,False,-31.5314292,115.9643415,not found,Chandala Processing Plant,Chandala Processing Plant,Chandala Processing Plant,Chandala Processing Plant,Chandala Processing Plant,
F0039,Christmas Creek Mine,2024-25,CHICHESTER METALS PTY LTD,Metal ore mining (080),WA,"2024-25,2023-24,2022-23,2021-22,2020-21",5,100.0,False,-22.40149315,119.7284027,not found,Christmas Creek Mine,Christmas Creek Mine,Christmas Creek Mine,Christmas Creek Mine,Christmas Creek Mine,
F0040,Clermont Coal Operations,2024-25,Clermont Coal Operations Pty Limited,Coal mining (060),QLD,"2024-25,2023-24,2022-23,2021-22,2020-21",5,100.0,False,-22.72613639,147.6231693,not found,Clermont Coal Operations,Clermont Coal Operations,Clermont Coal Operations,Clermont Coal Operations,Clermont Coal Operations,
F0041,Cloudbreak Mine,2024-25,CHICHESTER METALS PTY LTD,Metal ore mining (080),WA,"2024-25,2023-24,2022-23,2021-22,2020-21",5,100.0,False,-22.3132316,119.3469379,likely,Cloudbreak Mine,Cloudbreak Mine,Cloudbreak Mine,Cloudbreak Mine,Cloudbreak Mine,"Cloudbreak Iron Ore Mine, Mulga Downs, Western Australia, 6751, Australia"
F0042,Cockburn Operations,2024-25,ADBRI LIMITED,"Cement, lime, plaster and concrete product manufacturing (203)",WA,"2024-25,2023-24,2022-23,2021-22,2020-21",5,100.0,False,-32.20970318,115.7760729,not found,Cockburn Operations,Cockburn Operations,Cockburn Operations,Cockburn Operations,Cockburn Operations,
F0043,Collinsvile Mine,2024-25,NC COAL COMPANY PTY LIMITED,Coal mining (060),QLD,"2024-25,2023-24,2022-23,2021-22,2020-21",5,97.72727272727272,False,-20.55771709,147.802957,not found,Collinsvile Mine,Collinsville Mine,Collinsville Mine,Collinsville Mine,Collinsville Mine,
F0044,Condabri Talinga Orana,2024-25,ORIGIN ENERGY UPSTREAM OPERATOR PTY LTD,Oil and gas extraction (070),QLD,"2024-25,2023-24,2022-23,2021-22,2020-21",5,92.5,True,-26.93234165,150.2242201,not found,Condabri Talinga Orana,Condabri Talinga Orana,Condabri Talinga Orana,Talinga,Talinga,
F0045,Cook Colliery,2024-25,Constellation Mining Pty Ltd,Coal mining (060),QLD,"2024-25,2023-24",2,100.0,False,-23.82655592,148.8895878,not found,Cook Colliery,Cook Colliery,,,,
F0046,Coppabella Coal Mine,2024-25,PEABODY ENERGY AUSTRALIA PCI (C&M MANAGEMENT) PTY LTD,Coal mining (060),QLD,"2024-25,2023-24,2022-23,2021-22,2020-21",5,100.0,False,-21.85664846,148.4629005,not found,Coppabella Coal Mine,Coppabella Coal Mine,Coppabella Coal Mine,Coppabella Coal Mine,Coppabella Coal Mine,
F0232,Cowal Operations,2023-24,EVOLUTION MINING (COWAL) PTY LIMITED,Metal ore mining (080),NSW,"2023-24,2022-23,2021-22",3,100.0,False,-33.64161281,147.3955607,not found,,Cowal Operations,Cowal Operations,Cowal Operations,,
F0049,Curragh Mine,2024-25,CORONADO AUSTRALIA HOLDINGS PTY LTD,Coal mining (060),QLD,"2024-25,2023-24,2022-23,2021-22,2020-21",5,100.0,False,-23.4731376,148.8802936,likely,Curragh Mine,Curragh Mine,Curragh Mine,Curragh Mine,Curragh Mine,"Curragh Mine, Blackwater, Queensland, 4717, Australia"
F0050,Curtis Island GLNG Plant,2024-25,GLNG OPERATIONS PTY LTD,Oil and gas extraction (070),QLD,"2020-21,2021-22,2022-23,2023-24,2024-25",5,100.0,False,-23.77610444,151.2124208,not found,Curtis Island GLNG Plant,Curtis Island GLNG Plant,Curtis Island GLNG Plant,Curtis Island GLNG Plant,Curtis Island GLNG Plant,
F0054,Dambier Bunbury Pipeline,2024-25,DBNGP (WA) Transmission Pty Limited,Pipeline and other transport (502),WA,"2024-25,2023-24,2022-23,2021-22,2020-21",5,100.0,False,-32.2248356690435,115.77952391177,not found,DBNGP,DBNGP,DBNGP,DBNGP,DBNGP,
F0055,Dendrobium Coal Mine,2024-25,Dendrobium Coal Pty Ltd,Coal mining (060),NSW,"2024-25,2023-24,2022-23,2021-22,2020-21",5,100.0,False,-34.4320797764627,150.809749983021,not found,DEN01,DEN01,DEN01,DEN01,DEN01,
F0284,Daandine Operations,2020-21,ARROW (DAANDINE) PTY. LTD.,,QLD,2020-21,1,100.0,False,-27.0810431420434,150.924843669756,not found,,,,,Daandine Operations,
F0233,Dandenong,2023-24,OCEANIA GLASS PTY LTD,Glass and glass product manufacturing (201),VIC,"2023-24,2022-23,2021-22,2020-21",4,100.0,False,-37.990119,145.2098421,possible,,Dandenong,Dandenong,Dandenong,Dandenong,"Dandenong, Station Street, Dandenong, Melbourne, Victoria, 3175, Australia"
F0051,Darwin LNG Plant,2024-25,Santos Limited,Oil and gas extraction (070),NT,"2024-25,2023-24,2022-23,2021-22,2020-21",5,100.0,False,-12.5216577,130.8654617,low,Darwin LNG Plant,Darwin LNG Plant,Darwin LNG Plant,Darwin LNG Plant,Darwin LNG Plant,"Santos Darwin LNG Power Plant, Wickham, Darwin, Northern Territory, Australia"
F0052,Daunia Coal Mine,2024-25,WHITEHAVEN DAUNIA PTY LTD,Coal mining (060),QLD,"2020-21,2021-22,2022-23,2023-24,2024-25",5,100.0,False,-22.0798815,148.2991592,not found,Daunia Coal Mine,Daunia Mine,Daunia Mine,Daunia Mine,Daunia Mine,
F0053,Dawson Mine,2024-25,ANGLO COAL (DAWSON MANAGEMENT) PTY LTD,Coal mining (060),QLD,"2024-25,2023-24,2022-23,2021-22,2020-21",5,100.0,False,-24.5396121,150.0505168,likely,Dawson Mine,Dawson Mine,Dawson Mine,Dawson Mine,Dawson Mine,"Dawson Mine, Kianga, Queensland, 4718, Australia"
F0056,Dongara Operations,2024-25,ADBRI LIMITED,"Cement, lime, plaster and concrete product manufacturing (203)",WA,"2024-25,2023-24,2021-22,2020-21",4,100.0,False,-29.2512112653287,114.946761113275,not found,Dongara Operations,Dongara Operations,,Dongara Operations,Dongara Operations,
F0057,Drake Mine,2024-25,Drake Mine Management Pty Ltd,Coal mining (060),QLD,"2024-25,2023-24,2022-23,2021-22,2020-21",5,100.0,False,-20.6978895674882,147.838070051924,not found,Drake Mine,Drake Mine,Drake Mine,Drake Mine,Drake Mine,
F0058,Duketon South Operations,2024-25,Regis Resources Limited,Metal ore mining (080),WA,"2024-25,2023-24,2022-23,2021-22,2020-21",5,100.0,False,-27.8995112741972,122.360163824519,not found,Duketon South Operations,Duketon South Operations,Duketon South Operations,Duketon South Operations,Duketon South Operations,
F0235,Eastern Gas Pipeline,2023-24,Jemena Eastern Gas Pipeline (1) Pty Ltd,Gas supply (270),NSW; VIC,"2023-24,2021-22",2,100.0,False,-38.1697547575955,147.085587618447,not found,,EGP,,EGP,,
F0059,Eliwana Mine,2024-25,FMG SOLOMON PTY LTD,Metal ore mining (080),WA,"2024-25,2023-24,2022-23,2021-22",4,100.0,False,-22.4104208,117.1252017,possible,Eliwana Mine,Eliwana Mine,Eliwana Mine,Eliwana Mine,,"Eliwana Mine Access Road, Mount Sheila, Western Australia, 6751, Australia"
F0060,Ensham Coal Mine,2024-25,ENSHAM RESOURCES PTY. LIMITED,Coal mining (060),QLD,"2020-21,2021-22,2022-23,2023-24,2024-25",5,100.0,False,-23.4685984241877,148.500614509631,not found,Ensham Coal Mine,Ensham Coal Mine,Ensham Resources Minesite,Ensham Resources Minesite,Ensham Resources Minesite,
F0065,FLNG,2024-25,SHELL AUSTRALIA PTY LTD,Oil and gas extraction (070),WA,"2024-25,2023-24,2022-23,2021-22,2020-21",5,100.0,False,-13.1496144752145,122.979146543247,not found,FLNG,FLNG,FLNG,FLNG,FLNG,
F0061,Fairview,2024-25,Santos Limited,Oil and gas extraction (070),QLD,"2024-25,2023-24,2022-23,2021-22,2020-21",5,100.0,False,-23.6420191,149.2982352,possible,Fairview,Fairview,Fairview,Fairview,Fairview,"Fairview, Dingo, Queensland, 4702, Australia"
F0062,Fimiston Operations,2024-25,KALGOORLIE CONSOLIDATED GOLD MINES PTY LTD,Metal ore mining (080),WA,"2024-25,2023-24,2022-23,2021-22,2020-21",5,92.5,True,-30.7770586373253,121.505393252238,not found,Fimiston Operations,Fimiston Operations,Fimiston Operations,Fimiston Operations,Fimiston,
F0063,Fisherman's Landing - Clinker & Cement,2024-25,CEMENT AUSTRALIA (QUEENSLAND) PTY LIMITED,"Cement, lime, plaster and concrete product manufacturing (203)",QLD,2024-25,1,100.0,False,-23.8031151593439,151.149286194,not found,Fisherman's Landing - Clinker & Cement,,,,,
F0064,Fisherman's Landing - Lime,2024-25,CEMENT AUSTRALIA (QUEENSLAND) PTY LIMITED,"Cement, lime, plaster and concrete product manufacturing (203)",QLD,"2024-25,2023-24,2022-23,2021-22,2020-21",5,96.25,True,-23.7935609363989,151.149078555793,not found,Fisherman's Landing - Lime,Fisherman's Landing,Fisherman's Landing,Fisherman's Landing,Fisherman's Landing,
F0066,Foxleigh Mine,2024-25,FOXLEIGH MANAGEMENT PTY LTD,Coal mining (060),QLD,"2024-25,2023-24,2022-23,2021-22,2020-21",5,100.0,False,-22.9477068,148.7787262,likely,Foxleigh Mine,Foxleigh Mine,Foxleigh Mine,Foxleigh Mine,Foxleigh Mine,"Foxleigh Mine, Mackenzie River, Queensland, 4705, Australia"
F0068,GEMCO Mine,2024-25,Groote Eylandt Mining Company Proprietary Limited,Metal ore mining (080),NT,"2024-25,2023-24,2022-23,2021-22,2020-21",5,100.0,False,-13.9753435438949,136.443195684408,not found,GEM01,GEM01,GEM01,GEM01,GEM01,
F0067,Geelong Refinery,2024-25,Viva Energy Refining Pty Ltd,Petroleum and coal product manufacturing (170),VIC,"2024-25,2023-24,2022-23,2021-22,2020-21",5,100.0,False,-38.0768725,144.3824223,likely,Geelong Refinery,Geelong Refinery,Geelong Refinery,Geelong Refinery,Geelong Refinery,"Viva Energy Geelong Refinery, Corio, Geelong, Victoria, Australia"
F0236,Gibson Island,2023-24,Incitec Pivot Limited,Fertiliser and pesticide manufacturing (183),QLD,"2020-21,2021-22,2022-23,2023-24,2024-25",5,100.0,False,-27.4365655,153.1229994,possible,Gibson Island,Gibson Island,Gibson Island,Gibson Island,Gibson Island,"Gibson Island, Gibson Island Green Hydrogen Facility, Murarrie, Brisbane, Queensland, 4172, Australia"
F0070,Gippsland Basin facility,2024-25,ESSO AUSTRALIA RESOURCES PTY LTD,Oil and gas extraction (070),VIC,"2024-25,2023-24,2022-23,2021-22,2020-21",5,100.0,False,-38.6008564559048,147.810703625111,not found,Gippsland Basin facility,Gippsland Basin facility,Gippsland Basin facility,Gippsland Basin facility,Gippsland Basin facility,
F0071,Goldfields Gas Transmission Pipeline,2024-25,Goldfields Gas Transmission Pty Ltd,Pipeline and other transport (502),WA,"2024-25,2023-24,2022-23,2021-22,2020-21",5,100.0,False,-26.374808,120.247073,not found,Goldfields Gas Transmission Pipeline,Goldfields Gas Transmission Pipeline,Goldfields Gas Transmission Pipeline,Goldfields Gas Transmission Pipeline,Goldfields Gas Transmission Pipeline,
F0072,Goonyella Broadmeadow Mine,2024-25,BM Alliance Coal Operations Pty Limited,Coal mining (060),QLD,"2024-25,2023-24,2022-23,2021-22,2020-21",5,100.0,False,-21.8280647223279,147.980376869478,not found,Goonyella Broadmeadow Mine,Goonyella Broadmeadow Mine,Goonyella Broadmeadow Mine,Goonyella Broadmeadow Mine,Goonyella Broadmeadow Mine,
F0073,Gorgon Operations,2024-25,CHEVRON AUSTRALIA PTY LTD,Oil and gas extraction (070),WA,"2024-25,2023-24,2022-23,2021-22,2020-21",5,100.0,False,-20.7896933728664,115.450782641111,not found,Gorgon Operations,Gorgon Operations,Gorgon Operations,Gorgon Operations,Gorgon Operations,
F0074,Gove Operations,2024-25,RTA GOVE PTY LIMITED,Basic non-ferrous metal manufacturing (213),NT,"2024-25,2023-24,2022-23,2021-22,2020-21",5,100.0,False,-12.191173190079,136.687636110032,not found,Gove Operations,Gove Operations,Gove Operations,Gove Operations,Gove Operations,
F0075,Granny Smith Mine Site,2024-25,GSM MINING COMPANY PTY LTD,Metal ore mining (080),WA,"2024-25,2023-24,2022-23,2021-22,2020-21",5,100.0,False,-28.8087701401654,122.412405922642,not found,Granny Smith Mine Site,Granny Smith Mine Site,Granny Smith Mine Site,Granny Smith Mine Site,Granny Smith Mine Site,
F0076,Greenbushes Lithium Operation,2024-25,Talison Lithium Australia Pty Ltd,Metal ore mining (080),WA,"2024-25,2023-24",2,100.0,False,-33.8557633959596,116.05523731796,not found,Greenbushes Lithium Operation,Greenbushes Lithium Operation,,,,
F0077,Grosvenor Mine,2024-25,ANGLO COAL (MORANBAH NORTH MANAGEMENT) PTY LIMITED,Coal mining (060),QLD,"2020-21,2021-22,2022-23,2023-24,2024-25",5,100.0,False,-21.9544574,147.9995138,likely,Grosvenor Mine,Grosvenor Mine,Grosvenor Mine,Grosvenor Mine,Grosvenor Mine,"Grosvenor Coal Mine (Underground), Moranbah, Queensland, Australia"
F0078,Gruyere Mine Site,2024-25,Gruyere Mining Company Pty Ltd,Metal ore mining (080),WA,"2024-25,2023-24,2022-23,2021-22,2020-21",5,100.0,False,-27.9942376844185,123.861345437732,not found,Gruyere Mine Site,Gruyere Mine Site,Gruyere Mine Site,Gruyere Mine Site,Gruyere Mine Site,
F0237,Gudai-Darri Mine,2023-24,Mount Bruce Mining Pty Ltd,Metal ore mining (080),WA,"2023-24,2022-23",2,100.0,False,-22.5419792,119.0330425,likely,,Gudai-Darri Mine,Gudai-Darri Mine,,,"Gudai-Darri Mine, Newman, Western Australia, Australia"
F0083,HVY01 Hunter Valley Energy Coal - CCL Facility,2024-25,Hunter Valley Energy Coal Pty Ltd,Coal mining (060),NSW,"2024-25,2023-24,2022-23,2021-22,2020-21",5,100.0,False,-32.3226228573362,150.865013684703,not found,HVY01 Hunter Valley Energy Coal - CCL Facility,HVY01 Hunter Valley Energy Coal - CCL Facility,HVY01 Hunter Valley Energy Coal - CCL Facility,HVY01 Hunter Valley Energy Coal - CCL Facility,HVY01 Hunter Valley Energy Coal - CCL Facility,
F0079,Hail Creek Mine,2024-25,HAIL CREEK COAL PTY LTD,Coal mining (060),QLD,"2024-25,2023-24,2022-23,2021-22,2020-21",5,100.0,False,-21.4790823,148.3952595,likely,Hail Creek Mine,Hail Creek Mine,Hail Creek Mine,Hail Creek Mine,Hail Creek Mine,"Hail Creek Mine, Hail Creek, Queensland, 4742, Australia"
F0080,Hope Downs 1 Mine,2024-25,Hamersley HMS Pty Ltd,Metal ore mining (080),WA,"2024-25,2023-24,2022-23,2021-22,2020-21",5,100.0,False,-22.9671619,119.1254234,possible,Hope Downs 1 Mine,Hope Downs 1 Mine,Hope Downs 1 Mine,Hope Downs 1 Mine,Hope Downs 1 Mine,"Hope Downs Access Road, Hope Downs Mine, Newman, Western Australia, 6753, Australia"
F0081,Hope Downs 4 Mine,2024-25,Hamersley HMS Pty Ltd,Metal ore mining (080),WA,"2024-25,2023-24,2022-23,2021-22,2020-21",5,100.0,False,-23.1453703,119.5312925,likely,Hope Downs 4 Mine,Hope Downs 4 Mine,Hope Downs 4 Mine,Hope Downs 4 Mine,Hope Downs 4 Mine,"Hope Downs 4 Mine, Newman, Western Australia, Australia"
F0082,Hunter Valley Operations mine,2024-25,HV OPERATIONS PTY LTD,Coal mining (060),NSW,"2024-25,2023-24,2022-23,2021-22,2020-21",5,100.0,False,-32.4981270313652,150.989322609264,not found,Hunter Valley Operations mine,Hunter Valley Operations mine,Hunter Valley Operations mine,Hunter Valley Operations mine,Hunter Valley Operations mine,
F0285,Huntly Mine,2020-21,ALCOA OF AUSTRALIA LIMITED,,WA,2020-21,1,100.0,False,-32.5825922304047,116.069224029777,not found,,,,,Huntly Mine,
F0084,InfraBuild Steel - Laverton Steel Mill,2024-25,THE AUSTRALIAN STEEL COMPANY (OPERATIONS) PTY LTD,Basic ferrous metal manufacturing (211),VIC,"2020-21,2021-22,2022-23,2023-24,2024-25",5,100.0,False,-37.8287652533304,144.79103108218,not found,InfraBuild Steel - Laverton Steel Mill,InfraBuild Steel Laverton Steel Mill,InfraBuild Steel Laverton Steel Mill,InfraBuild Steel Laverton Steel Mill,Liberty OneSteel Laverton Steel Mill,
F0085,Integra Underground Mine,2024-25,HV Coking Coal Pty Limited,Coal mining (060),NSW,"2024-25,2023-24,2022-23,2021-22,2020-21",5,100.0,False,-32.4647402823791,151.130565586334,not found,Integra Underground Mine,Integra Underground Mine,Integra Underground Mine,Integra Underground Mine,Integra Underground Mine,
F0086,Iron Bridge Mine,2024-25,IB Operations Pty Ltd,Metal ore mining (080),WA,"2024-25,2023-24",2,100.0,False,-21.2882814,118.8840249,possible,Iron Bridge Mine,Iron Bridge Mine,,,,"Iron Bridge Mine Airport, Airport Access Road, Marble Bar, Western Australia, 6760, Australia"
F0238,Ironbark No. 1,2023-24,FITZROY (CQ) PTY LTD,Coal mining (060),QLD,2023-24,1,100.0,False,-27.5548945,152.6698609,possible,,Ironbark No. 1,,,,"Ironbark, Brisbane, Queensland, Australia"
F0259,Isaac Plains Coal Mine,2022-23,STANMORE IP COAL PTY LTD,,QLD,2022-23,1,100.0,False,-21.9664863,148.128852,likely,,,Isaac Plains Coal Mine,,,"Isaac Plains Coal Mine, Moranbah, Queensland, Australia"
F0087,Isaac Plains Complex,2024-25,STANMORE RESOURCES LIMITED,Coal mining (060),QLD,"2024-25,2023-24",2,100.0,False,-21.9895659931403,148.121443180303,not found,Isaac Plains Complex,Isaac Plains Complex,,,,
F0090,JGN,2024-25,Jemena Gas Networks (NSW) Ltd,Gas supply (270),NSW,"2024-25,2023-24,2022-23,2021-22,2020-21",5,100.0,False,-33.8720337862747,151.208389551314,not found,JGN,JGN,JGN,JGN,JGN,
F0088,Jax Mine,2024-25,Jax Coal Pty Ltd,Coal mining (060),QLD,"2024-25,2023-24,2022-23",3,100.0,False,-20.7117801,147.8614192,likely,Jax Mine,Jax Mine,Jax Mine,,,"Jax Mine, Springlands, Queensland, 4804, Australia"
F0089,Jellinbah Mine,2024-25,JELLINBAH MINING PTY LTD,Coal mining (060),QLD,"2024-25,2023-24,2022-23,2021-22,2020-21",5,100.0,False,-23.3902673,148.9533814,likely,Jellinbah Mine,Jellinbah Mine,Jellinbah Mine,Jellinbah Mine,Jellinbah Mine,"Jellinbah Mine, Bluff, Queensland, 4702, Australia"
F0091,Jimblebar Mine,2024-25,BHP IRON ORE PTY LTD,Metal ore mining (080),WA,"2024-25,2023-24,2022-23,2021-22,2020-21",5,100.0,False,-23.3811161,120.121403,likely,Jimblebar Mine,Jimblebar Mine,Jimblebar Mine,Jimblebar Mine,Jimblebar Mine,"Jimblebar Mine, Newman, Western Australia, Australia"
F0092,Jundee Gold Mine,2024-25,NORTHERN STAR RESOURCES LIMITED,Metal ore mining (080),WA,"2024-25,2023-24,2022-23,2021-22,2020-21",5,98.27586206896552,False,-26.3586370402444,120.619892528625,not found,Jundee Gold Mine,Jundee Gold Mine,Jundee Gold Mine,Jundee Gold Mine,Jundee Gold Mine,
F0093,Karlawinda Gold Project,2024-25,Capricorn Metals Limited,Metal ore mining (080),WA,2024-25,1,100.0,False,-23.766903032488,120.10598937326,not found,Karlawinda Gold Project,,,,,
F0094,Kemerton Silicon Smelter,2024-25,SIMCOA OPERATIONS PTY. LTD.,Basic non-ferrous metal manufacturing (213),WA,"2024-25,2023-24,2022-23,2021-22",4,100.0,False,-33.2180067234522,115.747137584414,not found,Kemerton Silicon Smelter,Kemerton Silicon Smelter,Kemerton Silicon Smelter,Kemerton Silicon Smelter,,
F0239,Kestrel Coal Pty Ltd,2023-24,Kestrel Coal Group Pty Ltd,Coal mining (060),QLD,"2023-24,2022-23,2021-22,2020-21",4,100.0,False,-23.23502,148.361592,likely,,Kestrel Coal Pty Ltd,Kestrel Coal Pty Ltd,Kestrel Coal Pty Ltd,Kestrel Coal Pty Ltd,"Kestrel Coal, Crinum, Queensland, 4723, Australia"
F0095,Kestrel Mine,2024-25,Kestrel Coal Group Pty Ltd,Coal mining (060),QLD,2024-25,1,100.0,False,-23.2349939003708,148.366488326954,not found,Kestrel Mine,,,,,
F0096,King of the Hills,2024-25,GREENSTONE RESOURCES (WA) PTY LTD,Metal ore mining (080),WA,"2024-25,2023-24,2022-23",3,100.0,False,-28.6829498959745,121.167566634232,not found,King of the Hills,King of the Hills,King of the Hills,,,
F0240,Kogan Creek Mine,2023-24,GOLDING CONTRACTORS PTY LTD,Coal mining (060),QLD,2023-24,1,100.0,False,-26.9344077,150.7862,likely,,Kogan Creek Mine,,,,"Kogan Creek Coal Mine, Brigalow, Queensland, 4412, Australia"
F0097,Koodaideri Mine,2024-25,Mount Bruce Mining Pty Ltd,Metal ore mining (080),WA,2024-25,1,100.0,False,-22.5419792,119.0330425,likely,Koodaideri Mine,,,,,"Gudai-Darri Mine, Newman, Western Australia, Australia"
F0241,Koolyanobbing Iron Ore Operations,2023-24,Yilgarn Iron Pty Ltd,Metal ore mining (080),WA,"2023-24,2021-22,2020-21",3,100.0,False,-30.8434413866815,119.538679264934,not found,,Koolyanobbing Iron Ore Operations,,Koolyanobbing Iron Ore Operations,Koolyanobbing Iron Ore Operations,
F0098,Kooragang Island,2024-25,ORICA AUSTRALIA PTY LTD,Other basic chemical product manufacturing (189),NSW,"2024-25,2023-24,2022-23,2021-22,2020-21",5,100.0,False,-32.8672967,151.7462652,possible,Kooragang Island,Kooragang Island,Kooragang Island,Kooragang Island,Kooragang Island,"Kooragang Island, Hexham, Newcastle-Maitland, New South Wales, 2322, Australia"
F0099,Kwinana Alumina Refinery,2024-25,Alcoa of Australia Limited,Basic non-ferrous metal manufacturing (213),WA,"2024-25,2023-24,2022-23,2021-22,2020-21",5,100.0,False,-32.1897479,115.7781323,likely,Kwinana Alumina Refinery,Kwinana Alumina Refinery,Kwinana Alumina Refinery,Kwinana Alumina Refinery,Kwinana Alumina Refinery,"Kwinana Alumina Refinery, Naval Base, Western Australia, Australia"
F0100,Kwinana Pigment Plant,2024-25,Tronox Management Pty Ltd,Basic chemical manufacturing (181),WA,"2024-25,2023-24,2022-23,2021-22,2020-21",5,100.0,False,-32.2274997285339,115.775649823644,not found,Kwinana Pigment Plant,Kwinana Pigment Plant,Kwinana Pigment Plant,Kwinana Pigment Plant,Kwinana Pigment Plant,
F0280,Kwinana Refinery,2020-21,BP REFINERY (KWINANA) PROPRIETARY LIMITED,,WA,2020-21,1,100.0,False,-32.2509265,115.7664763,likely,,,,,Kwinana Refinery,"Kwinana Nickel Refinery, East Rockingham, Western Australia, Australia"
F0101,Lake Vermont Mine,2024-25,THIESS PTY LTD,Coal mining (060),QLD,"2024-25,2023-24,2022-23,2021-22,2020-21",5,100.0,False,-22.4430886,148.4193349,likely,Lake Vermont Mine,Lake Vermont Mine,Lake Vermont Mine,Lake Vermont Mine,Lake Vermont Mine,"Lake Vermont Mine, Dysart, Queensland, 4745, Australia"
F0283,Lang Lang,2020-21,BEACH ENERGY (OPERATIONS) LIMITED,,VIC,2020-21,1,100.0,False,-38.2660405,145.5627778,possible,,,,,Lang Lang,"Lang Lang, Victoria, 3984, Australia"
F0102,Leinster Power Station,2024-25,TEC DESERT PTY LTD,Electricity generation (261),WA,"2024-25,2023-24,2022-23,2021-22,2020-21",5,100.0,False,-27.813803,120.698723,not found,Leinster Power Station,Leinster Power Station,Leinster Power Station,Leinster Power Station,Leinster Power Station,
F0103,Liberty Bell Bay,2024-25,Liberty Bell Bay Pty Ltd,Basic ferrous metal manufacturing (211),TAS,"2020-21,2021-22,2022-23,2023-24,2024-25",5,100.0,False,-41.1301479431706,146.856105138688,not found,Liberty Bell Bay,Liberty Bell Bay,Liberty Bell Bay,Liberty Bell Bay,TEM01,
F0104,Liberty Primary Steel Whyalla Steelworks,2024-25,ONESTEEL MANUFACTURING PTY LIMITED,Basic ferrous metal manufacturing (211),SA,"2024-25,2023-24,2022-23,2021-22,2020-21",5,100.0,False,-33.0088390669829,137.576252317386,not found,Liberty Primary Steel Whyalla Steelworks,Liberty Primary Steel Whyalla Steelworks,Liberty Primary Steel Whyalla Steelworks,Liberty Primary Steel Whyalla Steelworks,Liberty Primary Steel Whyalla Steelworks,
F0260,Liddell Coal Mine,2022-23,LIDDELL COAL OPERATIONS PTY. LIMITED,,NSW,"2022-23,2021-22,2020-21",3,100.0,False,-32.3873345,151.0138341,likely,,,Liddell Coal Mine,Liddell Coal Mine,Liddell Coal Mine,"Liddell Coal Mine, Muswellbrook, New South Wales, Australia"
F0105,Macedon,2024-25,WOODSIDE ENERGY GLOBAL PTY LTD,Oil and gas extraction (070),WA,2024-25,1,100.0,False,-31.9866889,115.5570194,possible,Macedon,,,,,"Macedon, Gabbi Karniny Bidi, Rottnest Island, Western Australia, 6161, Australia"
F0106,Mandalong Mine,2024-25,CENTENNIAL MANDALONG PTY LIMITED,Coal mining (060),NSW,"2024-25,2023-24,2022-23,2021-22,2020-21",5,100.0,False,-33.0581576,151.5009115,likely,Mandalong Mine,Mandalong Mine,Mandalong Mine,Mandalong Mine,Mandalong Mine,"Mandalong Mine - Cooranbong/Eraring pit head, Dora Creek, New South Wales, Australia"
F0107,Mangoola,2024-25,MANGOOLA COAL OPERATIONS PTY LIMITED,Coal mining (060),NSW,"2024-25,2023-24,2022-23,2021-22",4,100.0,False,-32.3318,150.7179,possible,Mangoola,Mangoola,Mangoola,Mangoola,,"Mangoola, New South Wales, Australia"
F0108,Marandoo Mine,2024-25,Hamersley Iron Pty. Limited,Metal ore mining (080),WA,"2024-25,2023-24,2022-23,2021-22,2020-21",5,100.0,False,-22.6433221,118.1376232,likely,Marandoo Mine,Marandoo Mine,Marandoo Mine,Marandoo Mine,Marandoo Mine,"Marandoo Mine, Karijini, Western Australia, 6751, Australia"
F0109,Maules Creek Open Cut Mine,2024-25,MAULES CREEK COAL PTY LTD,Coal mining (060),NSW,"2024-25,2023-24,2022-23,2021-22,2020-21",5,100.0,False,-30.5564125292409,150.11820611332,not found,Maules Creek Open Cut Mine,Maules Creek Open Cut Mine,Maules Creek Open Cut Mine,Maules Creek Open Cut Mine,Maules Creek Open Cut Mine,
F0110,McArthur River Mine Operations,2024-25,MCARTHUR RIVER MINING PTY. LTD.,Metal ore mining (080),NT,"2024-25,2023-24,2022-23,2020-21",4,100.0,False,-16.4342280038304,136.090792738751,not found,McArthur River Mine Operations,McArthur River Mine Operations,McArthur River Mine Operations,,McArthur River Mine Operations,
F0111,McArthur River Power Station,2024-25,EDL NGD (NT) Pty Ltd,Electricity generation (261),NT,"2024-25,2023-24,2022-23,2021-22,2020-21",5,100.0,False,-16.435044,136.093537,not found,McArthur River Power Station,McArthur River Power Station,McArthur River Power Station,McArthur River Power Station,McArthur River Power Station,
F0242,Mesa A Mine,2023-24,Robe River Mining Co. Pty. Ltd.,Metal ore mining (080),WA,"2023-24,2022-23,2021-22,2020-21",4,100.0,False,-21.6811004371787,115.863872632161,not found,,Mesa A Mine,Mesa A Mine,Mesa A Mine,Mesa A Mine,
F0243,Mesa J / K Mine,2023-24,Robe River Mining Co. Pty. Ltd.,Metal ore mining (080),WA,2023-24,1,100.0,False,-21.7504323922771,116.241885045913,not found,,Mesa J / K Mine,,,,
F0112,Metropolitan Colliery,2024-25,METROPOLITAN COLLIERIES PTY. LTD.,Coal mining (060),NSW,"2024-25,2023-24,2022-23,2021-22,2020-21",5,100.0,False,-34.186935,150.9961721,likely,Metropolitan Colliery,Metropolitan Colliery,Metropolitan Colliery,Metropolitan Colliery,Metropolitan Colliery,"Metropolitan Colliery, Helensburgh, New South Wales, 2508, Australia"
F0113,Middlemount Coal Mine,2024-25,Middlemount Coal Pty Ltd,Coal mining (060),QLD,"2024-25,2023-24,2022-23,2021-22,2020-21",5,100.0,False,-22.8813177312072,148.63859694212,not found,Middlemount Coal Mine,Middlemount Coal Mine,Middlemount Coal Mine,Middlemount Coal Mine,Middlemount Coal Mine,
F0244,Millicent Mill,2023-24,Kimberly-Clark Australia Pty. Limited,Converted paper product manufacturing (152),SA,"2023-24,2022-23,2021-22",3,100.0,False,-37.6731283,140.4285105,likely,,Millicent Mill,Millicent Mill,Millicent Mill,,"Millicent Mill, Glens Lane, Tantanoola, South Australia, 5280, Australia"
F0245,Mobil Altona Refinery,2023-24,MOBIL OIL AUSTRALIA PTY LTD,Petroleum and coal product manufacturing (170),VIC,"2023-24,2022-23,2021-22,2020-21",4,93.85245901639344,True,-37.8502814870256,144.848218711328,not found,,Mobil Altona Refinery,Mobil Altona Refinery,Mobil Altona Refinery,Mobil Altona Refinery,
F0114,Montara Operations,2024-25,JADESTONE ENERGY (EAGLE) PTY LTD,Oil and gas extraction (070),NT,"2024-25,2023-24,2021-22,2020-21",4,100.0,False,-13.031104,125.613999,not found,Montara Operations,Montara Operations,,Montara Operations,Montara Operations,
F0115,Moolarben Coal Mine (Open Cut & Underground),2024-25,MOOLARBEN COAL OPERATIONS PTY LTD,Coal mining (060),NSW,"2024-25,2023-24,2022-23,2021-22,2020-21",5,100.0,False,-32.281262889226,149.763932556882,not found,Moolarben Coal Mine (Open Cut & Underground),Moolarben Coal Mine (Open Cut & Underground),Moolarben Coal Mine (Open Cut & Underground),Moolarben Coal Mine (Open Cut & Underground),Moolarben Coal Mine (Open Cut & Underground),
F0116,Moomba Plant,2024-25,Santos Limited,Oil and gas extraction (070),SA,"2024-25,2023-24,2022-23,2021-22,2020-21",5,100.0,False,-28.1117145693963,140.206957729636,not found,Moomba Plant,Moomba Plant,Moomba Plant,Moomba Plant,Moomba Plant,
F0117,Moorvale Coal Mine,2024-25,PEABODY ENERGY AUSTRALIA PCI (C&M MANAGEMENT) PTY LTD,Coal mining (060),QLD,"2024-25,2023-24,2022-23,2021-22,2020-21",5,100.0,False,-21.9707885800173,148.369021326327,not found,Moorvale Coal Mine,Moorvale Coal Mine,Moorvale Coal Mine,Moorvale Coal Mine,Moorvale Coal Mine,
F0246,Moranbah,2023-24,Incitec Pivot Limited,Other basic chemical product manufacturing (189),QLD,"2020-21,2021-22,2022-23,2023-24,2024-25",5,100.0,False,-22.0030414,148.0432658,possible,Moranbah,Moranbah,Moranbah,Moranbah,Moranbah,"Moranbah, Queensland, 4744, Australia"
F0119,Moranbah North Mine,2024-25,ANGLO COAL (MORANBAH NORTH MANAGEMENT) PTY LIMITED,Coal mining (060),QLD,"2024-25,2023-24,2022-23,2021-22,2020-21",5,100.0,False,-21.8706251,147.9633543,possible,Moranbah North Mine,Moranbah North Mine,Moranbah North Mine,Moranbah North Mine,Moranbah North Mine,"Moranbah North, Moranbah North Mine Access Road, Moranbah North Coal Mine (Underground), Moranbah, Queensland, 4744, Australia"
F0120,Mount Isa Mines Copper and Zinc Operations,2024-25,MOUNT ISA MINES LIMITED,Metal ore mining (080),QLD,"2024-25,2023-24,2022-23,2021-22,2020-21",5,100.0,False,-20.731070132981,139.483658804064,not found,Mount Isa Mines Copper and Zinc Operations,Mount Isa Mines Copper and Zinc Operations,Mount Isa Mines Copper and Zinc Operations,Mount Isa Mines Copper and Zinc Operations,Mount Isa Mines Copper and Zinc Operations,
F0121,Mount Pleasant Operations,2024-25,MACH Energy Australia Pty Ltd,Coal mining (060),NSW,"2024-25,2023-24,2022-23,2021-22,2020-21",5,100.0,False,-32.2459543138102,150.810118378256,not found,Mount Pleasant Operations,Mount Pleasant Operations,Mount Pleasant Operations,Mount Pleasant Operations,Mount Pleasant Operations,
F0122,Mt Keith Power Station,2024-25,TEC DESERT PTY LTD,Electricity generation (261),WA,"2024-25,2023-24,2022-23,2021-22,2020-21",5,100.0,False,-27.2160194,120.5496006,likely,Mt Keith Power Station,Mt Keith Power Station,Mt Keith Power Station,Mt Keith Power Station,Mt Keith Power Station,"Mount Keith Power Station, Wiluna, Western Australia, Australia"
F0247,Mt Marion Lithium Project,2023-24,MT MARION LITHIUM PTY LTD,Metal ore mining (080),WA,"2022-23,2023-24",2,100.0,False,-31.0812784432383,121.436255049816,not found,,Mt Marion Lithium Project,Mt Marion Lithium Project,,,
F0123,Mt Owen Glendell Complex,2024-25,MT OWEN PTY LIMITED,Coal mining (060),NSW,"2024-25,2023-24,2022-23,2021-22,2020-21",5,100.0,False,-32.3900403190483,151.066081394252,not found,Mt Owen Glendell Complex,Mt Owen Glendell Complex,Mt Owen Glendell Complex,Mt Owen Glendell Complex,Mt Owen Glendell Complex,
F0124,Multinet Principal Distribution Network and South Gippsland Pipeline,2024-25,MULTINET GAS (DB NO. 2) PTY LTD,Gas supply (270),NSW/VIC/VIC,"2024-25,2023-24,2022-23,2021-22,2020-21",5,100.0,False,-37.8151191650617,144.957658147016,not found,Multinet Principal Distribution Network and South Gippsland Pipeline,Multinet Principal Distribution Network and South Gippsland Pipeline,Multinet Principal Distribution Network and South Gippsland Pipeline,Multinet Principal Distribution Network and South Gippsland Pipeline,Multinet Principal Distribution Network and South Gippsland Pipeline,
F0125,Murrin Murrin Operations,2024-25,MURRIN MURRIN OPERATIONS PTY LTD,Metal ore mining (080),WA,"2024-25,2023-24,2022-23,2021-22,2020-21",5,100.0,False,-28.9527761,121.7817952,likely,Murrin Murrin Operations,Murrin Murrin Operations,Murrin Murrin Operations,Murrin Murrin Operations,Murrin Murrin Operations,"Murrin South Operations, Leonora, Western Australia, 6438, Australia"
F0126,Myuna Colliery,2024-25,CENTENNIAL MYUNA PTY LIMITED,Coal mining (060),NSW,"2024-25,2023-24,2022-23,2021-22,2020-21",5,100.0,False,-33.063081,151.5677231,likely,Myuna Colliery,Myuna Colliery,Myuna Colliery,Myuna Colliery,Myuna Colliery,"Myuna Colliery, Wangi Wangi, Newcastle-Maitland, New South Wales, Australia"
F0271,Northern Gas Pipeline,2021-22,JEMENA NORTHERN GAS PIPELINE PTY LTD,,NT/QLD/NT; QLD,"2021-22,2020-21",2,100.0,False,-20.422647,137.496861,not found,,,,NGP,NGP,
F0134,NKS01 Nickel West Kalgoorlie Facility,2024-25,BHP NICKEL WEST PTY LTD,Basic non-ferrous metal manufacturing (213),WA,"2024-25,2023-24,2022-23,2021-22,2020-21",5,95.90909091,True,-30.8728523178695,121.485406758431,not found,NKS01 Nickel West Kalgoorlie Facility,NKS01 Nickel West Kalgoorlie Facility,NKS01 Nickel West Kalgoorlie Facility,NKS01 Nickel West Kalgoorlie Facility,NKS01 Nickel West Kalgoorlie Facility,
F0135,NKW01 Nickel West Kwinana Facility,2024-25,BHP NICKEL WEST PTY LTD,Basic non-ferrous metal manufacturing (213),WA,"2024-25,2023-24,2022-23,2021-22,2020-21",5,95.90909091,True,-32.2530357802987,115.765513025264,not found,NKW01 Nickel West Kwinana Facility,NKW01 Nickel West Kwinana Facility,NKW01 Nickel West Kwinana Facility,NKW01 Nickel West Kwinana Facility,NKW01 Nickel West Kwinana Facility,
F0136,NMK01 Nickel West Mt Keith Facility,2024-25,BHP NICKEL WEST PTY LTD,Metal ore mining (080),WA,"2024-25,2023-24,2022-23,2021-22,2020-21",5,95.90909091,True,-27.213453004042,120.550563079204,not found,NMK01 Nickel West Mt Keith Facility,NMK01 Nickel West Mt Keith Facility,NMK01 Nickel West Mt Keith Facility,NMK01 Nickel West Mt Keith Facility,NMK01 Nickel West Mt Keith Facility,
F0127,Narrabri Underground Mine,2024-25,Narrabri Coal Operations Pty Ltd,Coal mining (060),NSW,"2024-25,2023-24,2022-23,2021-22,2020-21",5,100.0,False,-30.5203161353834,149.896496661797,not found,Narrabri Underground Mine,Narrabri Underground Mine,Narrabri Underground Mine,Narrabri Underground Mine,Narrabri Underground Mine,
F0128,Newlands Coal Complex including Newlands Northern UG,2024-25,NC COAL COMPANY PTY LIMITED,Coal mining (060),QLD,"2024-25,2022-23,2021-22,2020-21",4,100.0,False,-21.1998496890627,147.885253841303,not found,Newlands Coal Complex including Newlands Northern UG,,Newlands Coal Complex including Newlands Northern UG,Newlands Coal Complex including Newlands Northern UG,Newlands Coal Complex including Newlands Northern UG,
F0129,Newman Operations,2024-25,BHP IRON ORE PTY LTD,Metal ore mining (080),WA,"2024-25,2023-24,2022-23,2021-22,2020-21",5,100.0,False,-23.360365716269,119.715482128361,not found,Newman Operations,Newman Operations,Newman Operations,Newman Operations,Newman Operations,
F0130,Newman Power Station,2024-25,APA TRANSMISSION (ROY HILL) PTY LTD,Electricity generation (261),WA,"2024-25,2023-24,2022-23,2021-22,2020-21",5,96.25,True,-23.344375,119.7086163,likely,Newman Power Station,Newman Power Station,Newman Power Station,Newman Power Station,Newman Power Station,"Newman Alinta Power Station, Newman, Western Australia, Australia"
F0131,Newmont Boddington Gold Operation,2024-25,Newmont Boddington Pty Ltd,Metal ore mining (080),WA,"2024-25,2023-24,2022-23,2021-22,2020-21",5,100.0,False,-32.7805342830071,116.44970808149,not found,Newmont Boddington Gold Operation,Newmont Boddington Gold Operation,Newmont Boddington Gold Operation,Newmont Boddington Gold Operation,Newmont Boddington Gold Operation,
F0132,Newmont Tanami Operation,2024-25,Newmont Tanami Pty Ltd,Metal ore mining (080),NT,"2024-25,2023-24,2022-23,2021-22,2020-21",5,100.0,False,-20.5461590707971,130.331816522387,not found,Newmont Tanami Operation,Newmont Tanami Operation,Newmont Tanami Operation,Newmont Tanami Operation,Newmont Tanami Operation,
F0133,Ningaloo Vision FPSO,2024-25,Santos Limited,Oil and gas extraction (070),WA,"2024-25,2023-24,2022-23,2021-22",4,100.0,False,-21.572113,114.197197,not found,Ningaloo Vision FPSO,Ningaloo Vision FPSO,Ningaloo Vision FPSO,Ningaloo Vision FPSO,,
F0248,Norske Skog Boyer Mill,2023-24,Norske Skog Paper Mills (Australia) Limited,"Pulp, paper and paperboard manufacturing (151)",TAS,"2020-21,2021-22,2022-23,2023-24,2024-25",5,100.0,False,-42.7803278403584,147.102863486048,not found,Norske Skog Boyer Mill,Norske Skog Boyer Mill,Norske Skog Boyer Mill,Norske Skog Boyer Mill,Norske Skog Boyer Mill,
F0138,North West Shelf Project,2024-25,Woodside Energy Ltd.,Oil and gas extraction (070),WA,"2024-25,2023-24,2022-23,2021-22,2020-21",5,100.0,False,-20.5956111,116.7744117,likely,North West Shelf Project,North West Shelf Project,North West Shelf Project,North West Shelf Project,North West Shelf Project,"North West Shelf Project, Burrup, Western Australia, 6714, Australia"
F0249,Norwich Park Mine,2023-24,BM Alliance Coal Operations Pty Limited,Coal mining (060),QLD,2023-24,1,100.0,False,-22.6141972,148.4278534,likely,,Norwich Park Mine,,,,"Norwich Park Mine, Dysart, Queensland, 4745, Australia"
F0139,Nowra Plant,2024-25,Shoalhaven Starches Pty Ltd,Grain mill and cereal product manufacturing (116),NSW,"2024-25,2023-24,2022-23,2021-22,2020-21",5,100.0,False,-34.8559317037767,150.610331887965,not found,Nowra Plant,Nowra Plant,Nowra Plant,Nowra Plant,Nowra Plant,
F0140,Nyrstar Port Pirie Facility,2024-25,Nyrstar Port Pirie Pty Ltd,Basic non-ferrous metal manufacturing (213),SA,"2020-21,2021-22,2022-23,2023-24,2024-25",5,100.0,False,-33.1698482553182,138.010589563527,not found,Nyrstar Port Pirie Facility,Nyrstar Port Pirie Facility,Nyrstar Port Pirie Facility,Nyrstar Port Pirie Facility,Nyrstar Port Pirie Smelter,
F0142,ODS01 Olympic Dam – UOD Facility,2024-25,BHP OLYMPIC DAM CORPORATION PTY LTD,Metal ore mining (080),SA,"2024-25,2023-24,2022-23,2021-22,2020-21",5,97.65625,False,-30.4475341602455,136.870293366733,not found,ODS01 Olympic Dam – UOD Facility,ODS01 Olympic Dam – UOD Facility,ODS01 Olympic Dam – UOD Facility,ODS01 Olympic Dam – UOD Facility,ODS01 Olympic Dam - UOD Facility,
F0141,Oaky Creek Coal Complex,2024-25,OAKY CREEK HOLDINGS PTY LIMITED,Coal mining (060),QLD,"2024-25,2023-24,2022-23,2021-22,2020-21",5,100.0,False,-23.0396501914069,148.5376949422,not found,Oaky Creek Coal Complex,Oaky Creek Coal Complex,Oaky Creek Coal Complex,Oaky Creek Coal Complex,Oaky Creek Coal Complex,
F0143,Olive Downs Complex,2024-25,PEMBROKE RESOURCES NOMINEE PTY LTD,Coal mining (060),QLD,"2024-25,2023-24",2,100.0,False,-22.2134522052038,148.357640829345,not found,Olive Downs Complex,Olive Downs Complex,,,,
F0144,Onslow Haul Road,2024-25,ONSLOW INFRACO PTY LTD,Road freight transport (461),WA,2024-25,1,100.0,False,-22.0031458321405,116.136587932128,not found,Onslow Haul Road,,,,,
F0145,Opal Australian Paper Maryvale Mill,2024-25,PAPER AUSTRALIA PTY LTD,"Pulp, paper and paperboard manufacturing (151)",VIC,"2024-25,2023-24,2022-23,2021-22,2020-21",5,100.0,False,-38.1847446843381,146.447735667102,not found,Opal Australian Paper Maryvale Mill,Opal Australian Paper Maryvale Mill,Opal Australian Paper Maryvale Mill,Opal Australian Paper Maryvale Mill,Opal Australian Paper Maryvale Mill,
F0146,Orora Glass Plant Gawler,2024-25,Orora Limited,Glass and glass product manufacturing (201),SA,"2024-25,2023-24,2022-23,2021-22,2020-21",5,100.0,False,-34.5517951520754,138.767725056539,not found,Orora Glass Plant Gawler,Orora Glass Plant Gawler,Orora Glass Plant Gawler,Orora Glass Plant Gawler ,Orora Glass Plant Gawler ,
F0147,Otway,2024-25,BEACH ENERGY LIMITED,Oil and gas extraction (070),VIC,"2024-25,2023-24,2022-23,2021-22,2020-21",5,93.86792452830188,True,-38.4349856,143.5577764,possible,Otway,Otway,Otway,Otway,Otway,"Shire of Colac Otway, Victoria, Australia"
F0163,PRL03 Rail - IOR Facility,2024-25,BHP IRON ORE PTY LTD,Rail freight transport (471),WA,"2024-25,2023-24,2022-23,2021-22,2020-21",5,100.0,False,-20.315959036795,118.591223728085,not found,PRL03 Rail - IOR Facility,PRL03 Rail - IOR Facility,PRL03 Rail - IOR Facility,PRL03 Rail - IOR Facility,PRL03 Rail - IOR Facility,
F0148,Pacific National National Transport Facility,2024-25,PACIFIC NATIONAL PTY LTD,Rail freight transport (471),National,"2024-25,2023-24,2022-23,2021-22,2020-21",5,96.25,True,-33.8404778648201,151.205810735144,not found,Pacific National National Transport Facility,Pacific National National Transport Facility,Pacific National National Transport Facility,Pacific National Transport Facility,Pacific National National Transport Facility,
F0149,Paraburdoo Mine,2024-25,Hamersley Iron Pty. Limited,Metal ore mining (080),WA,"2024-25,2023-24,2022-23,2021-22,2020-21",5,100.0,False,-23.2205387134683,117.61638305,not found,Paraburdoo Mine,Paraburdoo Mine,Paraburdoo Mine,Paraburdoo Mine,Paraburdoo Mine,
F0150,Parkhurst Magnesia Manufacturing Plant,2024-25,QMAG PTY LIMITED,Other non-metallic mineral product manufacturing (209),QLD,"2024-25,2023-24,2022-23,2021-22,2020-21",5,100.0,False,-23.3161521647909,150.50526414234,not found,Parkhurst Magnesia Manufacturing Plant,Parkhurst Magnesia Manufacturing Plant,Parkhurst Magnesia Manufacturing Plant,Parkhurst Magnesia Manufacturing Plant,Parkhurst Magnesia Manufacturing Plant,
F0151,Peak Downs Mine,2024-25,BM Alliance Coal Operations Pty Limited,Coal mining (060),QLD,"2024-25,2023-24,2022-23,2021-22,2020-21",5,100.0,False,-22.2006449,148.1631692,likely,Peak Downs Mine,Peak Downs Mine,Peak Downs Mine,Peak Downs Mine,Peak Downs Mine,"Peak Downs Mine, Winchester, Queensland, 4721, Australia"
F0250,Phosphate Hill,2023-24,Incitec Pivot Limited,Fertiliser and pesticide manufacturing (183),QLD,"2020-21,2021-22,2022-23,2023-24,2024-25",5,100.0,False,-21.8858298,139.9674148,likely,Phosphate Hill,Phosphate Hill,Phosphate Hill,Phosphate Hill,Phosphate Hill,"Phosphate Hill, Selwyn, Queensland, 4823, Australia"
F0153,Pilbara Rail Operations,2024-25,PILBARA IRON PTY LTD,Rail freight transport (471),WA,"2024-25,2023-24,2022-23,2021-22,2020-21",5,100.0,False,-20.6286852287609,117.148682678398,not found,Pilbara Rail Operations,Pilbara Rail Operations,Pilbara Rail Operations,Pilbara Rail Operations,Pilbara Rail Operations,
F0251,Pilgangoora Operations,2023-24,Pilbara Minerals Limited,Metal ore mining (080),WA,"2022-23,2023-24,2024-25",3,100.0,False,-21.0456468617133,118.895229180212,not found,Pilgangoora Operations,Pilgangoora Operations,Pilgangoora Operations,,,
F0155,Pinjarra Alumina Refinery,2024-25,Alcoa of Australia Limited,Basic non-ferrous metal manufacturing (213),WA,"2024-25,2023-24,2022-23,2021-22,2020-21",5,100.0,False,-32.6415915,115.9442603,possible,Pinjarra Alumina Refinery,Pinjarra Alumina Refinery,Pinjarra Alumina Refinery,Pinjarra Alumina Refinery,Pinjarra Alumina Refinery,"Pinjarra Alumina Refinery Access Road, Pinjarra Refinery, Oakley, Western Australia, 6208, Australia"
F0156,Pluto LNG,2024-25,Woodside Burrup Pty. Ltd.,Oil and gas extraction (070),WA,"2024-25,2023-24,2022-23,2021-22,2020-21",5,100.0,False,-20.6123621,116.7657664,likely,Pluto LNG,Pluto LNG,Pluto LNG,Pluto LNG,Pluto LNG,"Pluto LNG Park, Burrup, Karratha, Western Australia, 6714, Australia"
F0157,Poitrel Mine,2024-25,STANMORE RESOURCES LIMITED,Coal mining (060),QLD,"2020-21,2021-22,2022-23,2023-24,2024-25",5,100.0,False,-22.0691895,148.2445582,likely,Poitrel Mine,Poitrel Mine,Poitrel Mine,Poitrel Mine,Poitrel Mine,"Poitrel Mine, Coppabella, Queensland, 4741, Australia"
F0158,Port Bonython Plant,2024-25,Santos Limited,Oil and gas extraction (070),SA,"2024-25,2023-24,2020-21",3,100.0,False,-32.9859956764505,137.771770632715,not found,Port Bonython Plant,Port Bonython Plant,,,Port Bonython Plant,
F0159,Port Kembla Steelworks,2024-25,BLUESCOPE STEEL (AIS) PTY. LTD.,Basic ferrous metal manufacturing (211),NSW,"2024-25,2023-24,2022-23,2021-22,2020-21",5,100.0,False,-34.4436464,150.8816439,possible,Port Kembla Steelworks,Port Kembla Steelworks,Port Kembla Steelworks,Port Kembla Steelworks,Port Kembla Steelworks,"Springhill Rd at Port Kembla Steelworks Rd, Springhill Road, Port Kembla, Wollongong, New South Wales, 2505, Australia"
F0160,Port Latta Pelletising Plant,2024-25,GRANGE RESOURCES (TASMANIA) PTY LTD,Basic ferrous product manufacturing (212),TAS,"2024-25,2023-24,2022-23,2021-22,2020-21",5,100.0,False,-40.8519883715437,145.376947101565,not found,Port Latta Pelletising Plant,Port Latta Pelletising Plant,Port Latta Pelletising Plant,Port Latta Pelletising Plant,Port Latta Pelletising Plant,
F0161,Portland Aluminium Smelter,2024-25,Alcoa Portland Aluminium Proprietary Limited,Basic non-ferrous metal manufacturing (213),VIC,"2024-25,2023-24,2022-23,2021-22,2020-21",5,96.05263157894736,True,-38.3872293,141.6261545,likely,Portland Aluminium Smelter,Portland Aluminium Smelter,Portland Aluminium Smelter,Portland Aluminium Smelter,Portland Aluminium Smelter,"Portland Aluminium Smelter, Portland, Victoria, Australia"
F0162,Premier Coal Mine (Open Cut),2024-25,Premier Coal Pty Ltd,Coal mining (060),WA,"2024-25,2023-24,2022-23",3,97.22222222222224,False,-33.3970291511208,116.268243749132,not found,Premier Coal Mine (Open Cut),Premier Coal Mine (Open Cut),Premier Coal Mine (Open Cut),,,
F0167,QGC Upstream,2024-25,QGC PTY LIMITED,Oil and gas extraction (070),QLD,"2024-25,2023-24,2022-23,2021-22,2020-21",5,100.0,False,-26.6934091577545,150.289762460186,not found,QGC Upstream,QGC Upstream,QGC Upstream,QGC Upstream ,QGC Upstream ,
F0164,Qantas Airways Limited - National Facility,2024-25,Qantas Airways Limited,Air and space transport (490),National,"2024-25,2023-24,2022-23,2021-22,2020-21",5,94.51219512,True,-33.9257131588347,151.186794625329,not found,Qantas Airways Limited - National Facility,Qantas Airways Limited National Transport Facility,Qantas Airways Limited National Transport Facility,Qantas Airways Limited National Transport Facility,Qantas Airways Limited National Transport Facility,
F0165,Qenos Altona Manufacturing,2024-25,QENOS PTY LTD,Basic chemical manufacturing (181),VIC,"2024-25,2023-24,2022-23,2021-22,2020-21",5,100.0,False,-37.8453237451631,144.794961974747,not found,Qenos Altona Manufacturing,Qenos Altona Manufacturing,Qenos Altona Manufacturing,Qenos Altona Manufacturing,Qenos Altona Manufacturing,
F0166,Qenos Botany Manufacturing,2024-25,QENOS PTY LTD,Basic chemical manufacturing (181),NSW,"2024-25,2022-23,2021-22,2020-21",4,100.0,False,-33.9530778095724,151.219201389169,not found,Qenos Botany Manufacturing,,Qenos Botany Manufacturing,Qenos Botany Manufacturing,Qenos Botany Manufacturing,
F0263,Queensland,2022-23,ALLIANCE AVIATION SERVICES LIMITED,,QLD,"2022-23,2021-22,2020-21",3,100.0,False,-27.497418,153.0131666,possible,,,Queensland,Queensland,Queensland,"The University of Queensland, Campbell Road, St Lucia, Brisbane, Queensland, 4067, Australia"
F0168,Queensland Alumina Limited Refinery,2024-25,QUEENSLAND ALUMINA LIMITED,Basic non-ferrous metal manufacturing (213),QLD,"2024-25,2023-24,2022-23,2021-22,2020-21",5,100.0,False,-23.8684988342951,151.28803575344,not found,Queensland Alumina Limited Refinery,Queensland Alumina Limited Refinery,Queensland Alumina Limited Refinery,Queensland Alumina Limited Refinery,Queensland Alumina Limited Refinery,
F0169,Queensland Curtis LNG Plant,2024-25,QCLNG Operating Company Pty Ltd,Oil and gas extraction (070),QLD,"2024-25,2023-24,2022-23,2021-22,2020-21",5,100.0,False,-23.767019854569,151.196028071262,not found,Queensland Curtis LNG Plant,Queensland Curtis LNG Plant,Queensland Curtis LNG Plant,Queensland Curtis LNG Plant,Queensland Curtis LNG Plant,
F0170,Queensland Nitrates Ammonium Nitrate Plant,2024-25,Queensland Nitrates Pty Ltd,Basic chemical manufacturing (181),QLD,"2024-25,2023-24,2022-23,2021-22,2020-21",5,100.0,False,-24.5386488637423,150.031682016463,not found,Queensland Nitrates Ammonium Nitrate Plant,Queensland Nitrates Ammonium Nitrate Plant,Queensland Nitrates Ammonium Nitrate Plant,Queensland Nitrates Ammonium Nitrate Plant,Queensland Nitrates Ammonium Nitrate Plant,
F0171,Fortescue rail,2024-25,THE PILBARA INFRASTRUCTURE PTY LTD,Rail freight transport (471),WA,"2024-25,2023-24,2022-23,2021-22,2020-21",5,100.0,False,-33.8856442,115.8758106,possible,Rail,Rail,Rail,Rail,Rail,"Post and Rail Gully, Nannup, Western Australia, 6275, Australia"
F0172,Railton,2024-25,CEMENT AUSTRALIA (GOLIATH) PTY LIMITED,"Cement, lime, plaster and concrete product manufacturing (203)",TAS,"2024-25,2023-24,2022-23,2021-22,2020-21",5,100.0,False,-41.3453186,146.4226149,possible,Railton,Railton,Railton,Railton,Railton,"Railton, Tasmania, 7305, Australia"
F0252,Ranger Mine,2023-24,ENERGY RESOURCES OF AUSTRALIA LTD.,Metal ore mining (080),NT,"2023-24,2020-21",2,100.0,False,-12.6838842,132.9081634,low,,Ranger Mine,,,Ranger Mine,"Ranger Uranium Mine, Kakadu, Northern Territory, 0822, Australia"
F0173,Ravensthorpe Nickel Operation,2024-25,FQM Australia Nickel Pty Ltd,Metal ore mining (080),WA,"2024-25,2023-24,2022-23,2021-22,2020-21",5,100.0,False,-33.6441884479291,120.383347409881,not found,Ravensthorpe Nickel Operation,Ravensthorpe Nickel Operation,Ravensthorpe Nickel Operation,Ravensthorpe Nickel Operation,Ravensthorpe Nickel Operation,
F0174,Ravenswood Mine,2024-25,RAVENSWOOD GOLD PTY LTD,Metal ore mining (080),QLD,"2024-25,2023-24,2022-23",3,100.0,False,-20.1043698018788,146.906717125453,not found,Ravenswood Mine,Ravenswood Mine,Ravenswood Mine,,,
F0175,Ravensworth Operations,2024-25,RAVENSWORTH OPERATIONS PTY LIMITED,Coal mining (060),NSW,"2024-25,2023-24,2022-23,2021-22,2020-21",5,100.0,False,-32.4466026218514,151.021280524279,not found,Ravensworth Operations,Ravensworth Operations,Ravensworth Operations,Ravensworth Operations,Ravensworth Operations,
F0272,Ravensworth Underground Coal Mine,2021-22,Resource Pacific Pty Limited,,NSW,"2021-22,2020-21",2,100.0,False,-32.4065438010963,151.012350300492,not found,,,,Ravensworth Underground Coal Mine,Ravensworth Underground Coal Mine,
F0176,Refinery Qld Lytton,2024-25,Ampol Limited,Petroleum and coal product manufacturing (170),QLD,"2024-25,2023-24,2022-23,2021-22,2020-21",5,100.0,False,-27.4133011,153.1565228,likely,Refinery Qld Lytton,Refinery Qld Lytton,Refinery Qld Lytton,Refinery Qld Lytton,Refinery Qld Lytton,"Ampol Oil Refinery, Lytton, Brisbane, Queensland, Australia"
F0177,Rio Tinto Marine - Qld,2024-25,Rio Tinto Shipping (Asia) Pte Limited,Water freight transport (481),QLD,"2024-25,2022-23,2021-22,2020-21",4,98.57142857142856,False,-12.6657129491065,141.847872296195,not found,Rio Tinto Marine - Qld,,Rio Tinto Marine - Qld,Rio Tinto Marine - Qld,Rio Tinto Marine - Qld,
F0178,Rio Tinto Weipa,2024-25,RTA WEIPA PTY LTD,Metal ore mining (080),QLD,"2024-25,2023-24,2022-23,2021-22,2020-21",5,100.0,False,-12.6641691430425,141.930515229387,not found,Rio Tinto Weipa,Rio Tinto Weipa,Rio Tinto Weipa,Rio Tinto Weipa,Rio Tinto Weipa,
F0179,Rio Tinto Yarwun,2024-25,RTA Yarwun Pty Ltd,Basic non-ferrous metal manufacturing (213),QLD,"2024-25,2023-24,2022-23,2021-22,2020-21",5,100.0,False,-23.8288639618185,151.152886520584,not found,Rio Tinto Yarwun,Rio Tinto Yarwun,Rio Tinto Yarwun,Rio Tinto Yarwun,Rio Tinto Yarwun,
F0180,Rolleston Coal Mine,2024-25,ROLLESTON COAL HOLDINGS PTY LIMITED,Coal mining (060),QLD,"2024-25,2023-24,2022-23,2021-22,2020-21",5,100.0,False,-24.4546429,148.4053616,likely,Rolleston Coal Mine,Rolleston Coal Mine,Rolleston Coal Mine,Rolleston Coal Mine,Rolleston Coal Mine,"Rolleston Coal Mine, Albinia, Queensland, 4722, Australia"
F0181,Roma Hub,2024-25,Santos Limited,Oil and gas extraction (070),QLD,"2024-25,2023-24,2022-23,2021-22,2020-21",5,100.0,False,-26.4573042,149.0268704,likely,Roma Hub,Roma Hub,Roma Hub,Roma Hub,Roma Hub,"Roma Hub Compression Station, Mooga, Queensland, 4455, Australia"
F0182,Roy Hill Mine,2024-25,Roy Hill Holdings Pty Ltd,Metal ore mining (080),WA,"2024-25,2023-24,2022-23,2021-22,2020-21",5,100.0,False,-22.5005742,119.9750347,likely,Roy Hill Mine,Roy Hill Mine,Roy Hill Mine,Roy Hill Mine,Roy Hill Mine,"Roy Hill mine, Newman, Western Australia, Australia"
F0183,Russell Vale Colliery,2024-25,WOLLONGONG RESOURCES PTY. LTD.,Coal mining (060),NSW,"2024-25,2023-24,2022-23,2021-22",4,100.0,False,-34.3586655,150.8908456,likely,Russell Vale Colliery,Russell Vale Colliery,Russell Vale Colliery,Russell Vale Colliery,,"Russell Vale Colliery, Corrimal, New South Wales, Australia"
F0187,SIMEC Mining - Middleback Range Iron Ore Mine (Whyalla),2024-25,ONESTEEL MANUFACTURING PTY LIMITED,Metal ore mining (080),SA,"2024-25,2023-24,2022-23,2020-21",4,100.0,False,-33.2807634160405,137.109729709635,not found,SIMEC Mining - Middleback Range Iron Ore Mine (Whyalla),SIMEC Mining - Middleback Range Iron Ore Mine (Whyalla),SIMEC Mining - Middleback Range Iron Ore Mine (Whyalla),,SIMEC Mining - Middleback Range Iron Ore Mine (Whyalla),
F0184,Saraji Mine,2024-25,BM Alliance Coal Operations Pty Limited,Coal mining (060),QLD,"2024-25,2023-24,2022-23,2021-22,2020-21",5,100.0,False,-22.409343,148.2987317,likely,Saraji Mine,Saraji Mine,Saraji Mine,Saraji Mine,Saraji Mine,"Saraji Coal Mine, Dysart, Queensland, 4745, Australia"
F0185,Savage River Mine,2024-25,GRANGE RESOURCES (TASMANIA) PTY LTD,Metal ore mining (080),TAS,"2024-25,2023-24,2022-23,2021-22,2020-21",5,100.0,False,-41.4776809,145.2034659,likely,Savage River Mine,Savage River Mine,Savage River Mine,Savage River Mine,Savage River Mine,"Savage River Mine, Savage River, Tasmania, Australia"
F0186,Sewerage West,2024-25,Melbourne Water Corporation,"Water supply, sewerage and drainage services (281)",VIC,"2024-25,2023-24,2022-23,2021-22,2020-21",5,100.0,False,-37.9771939,144.61444,possible,Sewerage West,Sewerage West,Sewerage West,Sewerage West,Sewerage West,"One Hundred and Five West Sewerage Treatment Plant West One Road, Melbourne, Victoria, 3030, Australia"
F0188,Sino Iron Project – Cape Preston,2024-25,CITIC Pacific Mining Management Pty Ltd,Metal ore mining (080),WA,"2024-25,2023-24,2022-23,2021-22,2020-21",5,97.65625,False,-21.0831860679073,116.154254930634,not found,Sino Iron Project – Cape Preston,Sino Iron Project – Cape Preston,Sino Iron Project – Cape Preston,Sino Iron Project – Cape Preston,Sino Iron Project - Cape Preston,
F0253,Sojitz Gregory Crinum Mine,2023-24,SOJITZ DEVELOPMENT PTY LTD,Coal mining (060),QLD,"2023-24,2022-23,2021-22",3,100.0,False,-23.1804840837703,148.367180894128,not found,,Sojitz Gregory Crinum Mine,Sojitz Gregory Crinum Mine,Sojitz Gregory Crinum Mine,,
F0189,Solomon Mine,2024-25,FMG SOLOMON PTY LTD,Metal ore mining (080),WA,"2024-25,2023-24,2022-23,2021-22,2020-21",5,100.0,False,-22.1471367,117.9571595,likely,Solomon Mine,Solomon Mine,Solomon Mine,Solomon Mine,Solomon Mine,"Solomon Hub Mine Power Station, Chichester, Western Australia, 6751, Australia"
F0190,Solomon Power Station,2024-25,FMG SOLOMON PTY LTD,Electricity generation (261),WA,"2024-25,2023-24,2022-23,2021-22,2020-21",5,100.0,False,-22.1471367,117.9571595,likely,Solomon Power Station,Solomon Power Station,Solomon Power Station,Solomon Power Station,Solomon Power Station,"Solomon Hub Mine Power Station, Chichester, Western Australia, 6751, Australia"
F0191,South Walker Creek,2024-25,STANMORE RESOURCES LIMITED,Coal mining (060),QLD,"2020-21,2021-22,2022-23,2023-24,2024-25",5,100.0,False,-21.7892739,148.4859569,possible,South Walker Creek,South Walker Creek,South Walker Creek,South Walker Creek,South Walker Creek,"South Walker, South Walker Creek Mine Access, South Walker Creek Mine, Tootoolah, Strathfield, Queensland, 4742, Australia"
F0192,South West Queensland Pipeline,2024-25,APA (SWQP) PTY LIMITED,Pipeline and other transport (502),QLD/SA/QLD; SA,"2024-25,2023-24,2022-23,2021-22,2020-21",5,100.0,False,-27.548451,141.273155,not found,South West Queensland Pipeline,South West Queensland Pipeline,South West Queensland Pipeline,South West Queensland Pipeline,South West Queensland Pipeline,
F0193,South West Synthetic Rutile Operations,2024-25,Iluka Resources Limited,Metal ore mining (080),WA,"2024-25,2023-24,2022-23,2021-22,2020-21",5,100.0,False,-33.5119017512381,115.58854846146,not found,South West Synthetic Rutile Operations,South West Synthetic Rutile Operations,South West Synthetic Rutile Operations,South West Synthetic Rutile Operations,South West Synthetic Rutile Operations,
F0194,Spring Gully Reedy Creek Combabula,2024-25,ORIGIN ENERGY UPSTREAM OPERATOR PTY LTD,Oil and gas extraction (070),QLD,"2024-25,2023-24,2022-23,2021-22,2020-21",5,92.5,True,-25.942771421183,149.066708965666,not found,Spring Gully Reedy Creek Combabula,Spring Gully Reedy Creek Combabula,Spring Gully Reedy Creek Combabula,Spring Gully,Spring Gully,
F0195,Start up and Operations of the Ichthys LNG Project,2024-25,INPEX Operations Australia Pty Ltd,Oil and gas extraction (070),NT,"2024-25,2023-24,2022-23,2021-22,2020-21",5,100.0,False,-13.936333,123.290524,not found,Start up and Operations of the Ichthys LNG Project,Start up and Operations of the Ichthys LNG Project,Start up and Operations of the Ichthys LNG Project,Start up and Operations of the Ichthys LNG Project,Start up and Operations of the Ichthys LNG Project,
F0196,Sunrise Dam,2024-25,AngloGold Ashanti Australia Limited,Metal ore mining (080),WA,"2024-25,2023-24,2022-23,2021-22,2020-21",5,100.0,False,-29.0968771,122.4606107,possible,Sunrise Dam,Sunrise Dam,Sunrise Dam,Sunrise Dam,Sunrise Dam,"Sunrise Dam Airport, Sunrise Dam Access Road, Laverton, Western Australia, 6440, Australia"
F0197,TAHMOOR COAL MINE,2024-25,TAHMOOR COAL PTY LTD,Coal mining (060),NSW,"2024-25,2023-24,2022-23,2021-22,2020-21",5,100.0,False,-34.2501058443749,150.577935087543,not found,TAHMOOR COAL MINE,TAHMOOR COAL MINE,TAHMOOR COAL MINE,TAHMOOR COAL MINE,TAHMOOR COAL MINE,
F0204,TT-Line - Victorian Operation,2024-25,TT-Line Company Pty. Ltd.,Water passenger transport (482),VIC,"2024-25,2023-24,2022-23,2021-22,2020-21",5,100.0,False,-38.1067552820291,144.35969311776,not found,TT-Line - Victorian Operation,TT-Line - Victorian Operation,TT-Line - Victorian Operation,TT-Line - Victorian Operation,TT-Line - Victorian Operation,
F0198,Telfer Gold Mine,2024-25,Newcrest Mining Limited,Metal ore mining (080),WA,"2020-21,2021-22,2022-23,2023-24,2024-25",5,100.0,False,-21.7416183,122.1827658,likely,Telfer Gold Mine,Telfer Gold Mine,Telfer Gold Mine,Telfer Gold Mine,Telfer Gold Mine,"Telfer Gold Mine Power Station, Western Australia, Australia"
F0200,Thunderbox Operations,2024-25,NORTHERN STAR (THUNDERBOX) PTY LTD,Metal ore mining (080),WA,"2024-25,2023-24,2022-23,2021-22",4,100.0,False,-28.1790373432388,121.000870075708,not found,Thunderbox Operations,Thunderbox Operations,Thunderbox Operations,Thunderbox Operations,,
F0273,Toll National Transport Facility,2021-22,Toll Holdings Limited,,National,"2021-22,2020-21",2,100.0,False,-37.8178214259018,144.957136797555,not found,,,,Toll National Transport Facility,Toll National Transport Facility,
F0201,Tom Price Mine / WTS,2024-25,Hamersley Iron Pty. Limited,Metal ore mining (080),WA,"2024-25,2023-24,2022-23,2021-22,2020-21",5,100.0,False,-22.7513374562877,117.768637971475,not found,Tom Price Mine / WTS,Tom Price Mine / WTS,Tom Price Mine / WTS,Tom Price Mine / WTS,Tom Price Mine / WTS,
F0202,Tomago Aluminium Smelter,2024-25,TOMAGO ALUMINIUM COMPANY PTY LTD,Basic non-ferrous metal manufacturing (213),NSW,"2024-25,2023-24,2022-23,2021-22,2020-21",5,100.0,False,-32.8254950914497,151.718421101919,not found,Tomago Aluminium Smelter,Tomago Aluminium Smelter,Tomago Aluminium Smelter,Tomago Aluminium Smelter,Tomago Aluminium Smelter,
F0203,Tropicana Gold Mine,2024-25,AngloGold Ashanti Australia Limited,Metal ore mining (080),WA,"2024-25,2023-24,2022-23,2021-22,2020-21",5,100.0,False,-29.2403924,124.5383925,likely,Tropicana Gold Mine,Tropicana Gold Mine,Tropicana Gold Mine,Tropicana Gold Mine,Tropicana Gold Mine,"Tropicana Gold Mine, Tropicana Gold Mine Access Road, Plumridge Lakes, Western Australia, 6431, Australia"
F0205,United Coal Mine,2024-25,UNITED COLLIERIES PTY LTD,Coal mining (060),NSW,"2024-25,2023-24,2022-23,2021-22",4,100.0,False,-32.548582854867,150.99741121485,not found,United Coal Mine,United Coal Mine,United Coal Mine,United Coal Mine,,
F0206,V/Line,2024-25,V/Line Corporation,Rail passenger transport (472),VIC,"2024-25,2023-24,2022-23,2021-22,2020-21",5,100.0,False,-37.0427716,143.7463642,possible,V/Line,V/Line,V/Line,V/Line,V/Line,"V/line fuel point and stabling, Maryborough, Victoria, 3465, Australia"
F0207,Vales Point Power Station,2024-25,Delta Power & Energy Pty Ltd,Coal mining (060),NSW,2024-25,1,100.0,False,-33.1605934,151.5440766,likely,Vales Point Power Station,,,,,"Vales Point Power Station, Mannering Park, New South Wales, Australia"
F0208,Varanus Hub,2024-25,Santos Limited,Oil and gas extraction (070),WA,"2024-25,2023-24,2022-23,2021-22,2020-21",5,100.0,False,-20.6530761,115.5785857,likely,Varanus Hub,Varanus Hub,Varanus Hub,Varanus Hub,Varanus Hub,"Varanus Island Hub, Western Australia, Australia"
F0274,Victoria,2021-22,CSL Australia,,VIC,"2021-22,2020-21",2,94.11764705882354,True,-38.165166,144.3376679,possible,,,,Victoria,Victoria,"Australia, Belmont, Geelong, Victoria, 3216, Australia"
F0209,Vincent Project Venture,2024-25,Woodside Energy Ltd.,Oil and gas extraction (070),WA,"2024-25,2023-24,2022-23,2021-22,2020-21",5,100.0,False,-21.49317421,114.1556451,not found,Vincent Project Venture,Vincent Project Venture,Vincent Project Venture,Vincent Project Venture,Vincent Project Venture,
F0210,Virgin Australia Holdings National Transport Facility,2024-25,VIRGIN AUSTRALIA HOLDINGS LIMITED,Air and space transport (490),National,"2024-25,2023-24,2022-23,2021-22,2020-21",5,100.0,False,-27.48200417,153.0236213,not found,Virgin Australia Holdings National Transport Facility,Virgin Australia Holdings National Transport Facility,Virgin Australia Holdings National Transport Facility,Virgin Australia Holdings National Transport Facility,Virgin Australia Holdings National Transport Facility,
F0211,WA Transport facility,2024-25,MGM BULK PTY LTD,Road freight transport (461),WA,2024-25,1,100.0,False,-33.32475606,115.634041,not found,WA Transport facility,,,,,
F0222,WOR01,2024-25,South32 Worsley Alumina Pty Ltd,Basic non-ferrous metal manufacturing (213),WA,"2024-25,2023-24,2022-23,2021-22,2020-21",5,92.5,True,-33.24129145,116.0672059,not found,WOR01,WOR01,WOR01,WOR01,WOR01 Worsley Alumina Refinery/Mine,
F0212,Wagerup Alumina Refinery,2024-25,Alcoa of Australia Limited,Basic non-ferrous metal manufacturing (213),WA,"2024-25,2023-24,2022-23,2021-22,2020-21",5,100.0,False,-32.9064139,115.8905628,likely,Wagerup Alumina Refinery,Wagerup Alumina Refinery,Wagerup Alumina Refinery,Wagerup Alumina Refinery,Wagerup Alumina Refinery,"Wagerup Alumina Refinery, Wagerup, Western Australia, 6215, Australia"
F0213,Wambo Coal Mine,2024-25,WAMBO COAL PTY LIMITED,Coal mining (060),NSW,"2024-25,2023-24,2022-23,2021-22,2020-21",5,100.0,False,-32.58028182,151.0104648,not found,Wambo Coal Mine,Wambo Coal Mine,Wambo Coal Mine,Wambo Coal Mine,Wambo Coal Mine,
F0214,Warkworth Mine,2024-25,Warkworth Mining Ltd,Coal mining (060),NSW,"2024-25,2023-24,2022-23,2021-22,2020-21",5,100.0,False,-32.60619046,151.0920728,not found,Warkworth Mine,Warkworth Mine,Warkworth Mine,Warkworth Mine,Warkworth Mine,
F0215,West Angelas Mine,2024-25,Robe River Mining Co. Pty. Ltd.,Metal ore mining (080),WA,"2024-25,2023-24,2022-23,2021-22,2020-21",5,100.0,False,-23.1466231,118.6565641,likely,West Angelas Mine,West Angelas Mine,West Angelas Mine,West Angelas Mine,West Angelas Mine,"West Angelas Mine, Newman, Western Australia, Australia"
F0216,West Pilbara Iron Ore Project,2024-25,ONSLOW IRON PTY LTD,Metal ore mining (080),WA,2024-25,1,100.0,False,-22.08480349,116.2083908,not found,West Pilbara Iron Ore Project,,,,,
F0254,Western Australia,2023-24,Alliance Aviation Services Limited,Air and space transport (490),WA,"2023-24,2022-23,2021-22,2020-21",4,100.0,False,-31.950652,115.7978755,possible,,Western Australia,Western Australia,Western Australia,Western Australia,"University of Western Australia, 35, Stirling Highway, Nedlands, Perth, Western Australia, 6009, Australia"
F0217,Western Port Works,2024-25,BlueScope Steel Limited,Basic ferrous metal manufacturing (211),VIC,"2024-25,2023-24,2022-23,2021-22,2020-21",5,100.0,False,-38.28971543,145.2105429,not found,Western Port Works,Western Port Works,Western Port Works,Western Port Works,Western Port Works,
F0218,Wheatstone Operations,2024-25,CHEVRON AUSTRALIA PTY LTD,Oil and gas extraction (070),WA,"2024-25,2023-24,2022-23,2021-22,2020-21",5,100.0,False,-21.6970318,115.0039062,not found,Wheatstone Operations,Wheatstone Operations,Wheatstone Operations,Wheatstone Operations,Wheatstone Operations,
F0219,Wilpinjong Coal Mine,2024-25,WILPINJONG COAL PTY LTD,Coal mining (060),NSW,"2024-25,2023-24,2022-23,2021-22,2020-21",5,100.0,False,-32.3325955,149.8684926,likely,Wilpinjong Coal Mine,Wilpinjong Coal Mine,Wilpinjong Coal Mine,Wilpinjong Coal Mine,Wilpinjong Coal Mine,"Wilpinjong Coal Mine, New South Wales, Australia"
F0220,Wodgina Lithium Project,2024-25,MARBL Lithium Operations Pty Ltd,Metal ore mining (080),WA,2024-25,1,100.0,False,-21.17640201,118.6747348,not found,Wodgina Lithium Project,,,,,
F0255,Wodgina Operations,2023-24,MARBL Lithium Operations Pty Ltd,Metal ore mining (080),WA,"2023-24,2022-23",2,100.0,False,-21.17640201,118.6747348,not found,,Wodgina Operations,Wodgina Operations,,,
F0221,Woodlawn Bioreactor,2024-25,Veolia Environmental Services (Australia) Pty Ltd,"Waste treatment, disposal and remediation services (292)",NSW,"2024-25,2021-22",2,96.25,True,-35.0627554,149.570211,likely,Woodlawn Bioreactor,,,NSW - Woodlawn Bioreactor,,"Woodlawn Bioreactor, Woodlawn Mines, Tarago, New South Wales, 2580, Australia"
F0223,YAN01 Yandi/Marillana Creek Mine - MNG Facility,2024-25,BHP IRON ORE PTY LTD,Metal ore mining (080),WA,"2024-25,2023-24,2022-23,2021-22,2020-21",5,100.0,False,-22.72278004,119.0809047,not found,YAN01 Yandi/Marillana Creek Mine - MNG Facility,YAN01 Yandi/Marillana Creek Mine - MNG Facility,YAN01 Yandi/Marillana Creek Mine - MNG Facility,YAN01 Yandi/Marillana Creek Mine - MNG Facility,YAN01 Yandi/Marillana Creek Mine - MNG Facility,
F0228,YPF AMMONIA PLANT,2024-25,Yara Pilbara Fertilisers Pty Ltd,Fertiliser and pesticide manufacturing (183),WA,"2024-25,2023-24,2022-23,2021-22,2020-21",5,100.0,False,-20.62425233,116.7831496,not found,YPF AMMONIA PLANT,YPF AMMONIA PLANT,YPF AMMONIA PLANT,YPF AMMONIA PLANT,YPF AMMONIA PLANT,
F0224,Yandicoogina Mine,2024-25,Hamersley Iron - Yandi Pty Limited,Metal ore mining (080),WA,"2024-25,2023-24,2022-23,2021-22,2020-21",5,100.0,False,-22.7912258,119.2537446,likely,Yandicoogina Mine,Yandicoogina Mine,Yandicoogina Mine,Yandicoogina Mine,Yandicoogina Mine,"RTIO Yandicoogina mine, Newman, Western Australia, Australia"
F0225,Yarnima Power Station,2024-25,BHP IRON ORE PTY LTD,Electricity generation (261),WA,"2024-25,2023-24,2022-23,2021-22,2020-21",5,100.0,False,-23.34343927,119.7109432,not found,Yarnima Power Station,Yarnima Power Station,Yarnima Power Station,Yarnima Power Station,Yarnima Power Station,
F0226,Yarrabee Coal Mine (Open Cut),2024-25,YARRABEE COAL COMPANY PTY. LTD.,Coal mining (060),QLD,"2024-25,2023-24,2022-23,2021-22,2020-21",5,100.0,False,-23.27171509,149.0169535,not found,Yarrabee Coal Mine (Open Cut),Yarrabee Coal Mine (Open Cut),Yarrabee Coal Mine (Open Cut),Yarrabee Coal Mine (Open Cut),Yarrabee Coal Mine (Open Cut),
F0227,Yarwun Nitrates,2024-25,ORICA AUSTRALIA PTY LTD,Other basic chemical product manufacturing (189),QLD,"2024-25,2023-24,2022-23,2021-22,2020-21",5,100.0,False,-23.83499347,151.1689784,not found,Yarwun Nitrates,Yarwun Nitrates,Yarwun Nitrates,Yarwun Nitrates,Yarwun Nitrates,
