Facility name,Responsible emitter,State/Territory of operation,ANZSIC,ERC,Baseline emissions number,Covered emissions,Borrowing adjustment amount,ACCUs issued,ACCUs deemed surrendered,ACCUs surrendered,SMCs surrendered,Net emissions number,Net position number,SMCs issued,Units relinquished,Cumulative MYMP net emissions number,Cumulative MYMP net position number,GHG Carbon dioxide,GHG Methane,GHG Nitrous oxide,GHG Other,Notes
1. Solid Waste Services - Lucas Heights,Cleanaway Waste Management Limited,NSW,"Waste treatment, disposal and remediation services (292)",0.951,"327,658","112,867",0,0,0,0,0,"112,867","-214,791",0,0,-,-,"3,000","109,858",9,0,The facility is covered by a landfill baseline.
1. Solid Waste Services - MRL,Cleanaway Waste Management Limited,VIC,"Waste treatment, disposal and remediation services (292)",0.951,"350,747","162,282",0,"179,891",0,0,0,"342,173","-8,574",0,0,-,-,"7,364","154,859",59,0,The facility is covered by a landfill baseline.
Angaston Operations,ADBRI LIMITED,SA,"Cement, lime, plaster and concrete product manufacturing (203)",0.990,"103,873","112,841",0,0,0,0,"8,968","103,873",0,0,0,-,-,"112,730",76,35,0,-
APLNG Facility,CONOCOPHILLIPS AUSTRALIA OPERATIONS PTY LTD,QLD,Oil and gas extraction (070),0.951,"2,034,870","2,120,644",0,0,0,0,"85,774","2,034,870",0,0,0,-,-,"2,084,631","33,993","1,948",72,-
APN01 Appin Colliery - ICH Facility,ENDEAVOUR COAL PTY LIMITED,NSW,Coal mining (060),0.951,"2,154,439","1,833,982",0,0,0,0,0,"1,833,982","-320,457","320,457",0,-,-,"102,569","1,731,355",18,40,-
APU01 Pyrenees - AOA Facility,WOODSIDE ENERGY GLOBAL PTY LTD,WA,Oil and gas extraction (070),0.951,"108,074","116,569",0,0,0,"8,497",0,"108,072",-2,0,0,-,-,"105,779","10,584",206,0,-
ARC01 Mining Area C - MNG Facility,BHP IRON ORE PTY LTD,WA,Metal ore mining (080),0.951,"694,935","512,387",0,0,0,0,0,"512,387","-182,548",0,0,-,-,"509,852",728,"1,641",166,-
Arcadia,Santos Limited,QLD,Oil and gas extraction (070),0.951,"166,220","108,224",0,0,0,0,0,"108,224","-57,996","57,996",0,-,-,"100,026","7,922",95,181,-
Arrow Surat Operations,Arrow Energy Holdings Pty Ltd,QLD,Oil and gas extraction (070),0.951,"193,637","155,650",0,0,0,0,0,"155,650","-37,987","37,987",0,-,-,"124,138","31,362",150,0,-
Ashton Coal Mine (Underground),ASHTON COAL OPERATIONS PTY LIMITED,NSW,Coal mining (060),0.951,"158,653","350,750",0,0,0,"192,097",0,"158,653",0,0,0,-,-,"9,420","341,315",11,4,"As the facility surrendered 30% or more of its baseline, the required written explanation as to why more carbon abatement did not occur at the facility can be found on the baselines and emissions data page."
Aurizon National Transport Facility,AURIZON OPERATIONS LIMITED,National,Rail freight transport (471),0.951,"603,720","626,369",0,0,0,"22,649",0,"603,720",0,0,0,-,-,"621,882",927,"3,560",0,-
AusNet Gas Services Pty Ltd,AusNet Services Holdings Pty Ltd,VIC,Gas supply (270),0.951,"187,366","188,003",0,0,0,637,0,"187,366",0,0,0,-,-,"2,629","185,371",3,0,-
Australian Gas Networks (Vic) Pty Ltd,Australian Gas Networks Holding Pty Ltd,VIC,Gas supply (270),0.951,"119,292","111,805",0,0,0,0,0,"111,805","-7,487","7,487",0,-,-,"2,154","109,650",1,0,-
Ballera,Santos Limited,QLD,Oil and gas extraction (070),0.951,"120,065","153,917",0,0,0,"33,852",0,"120,065",0,0,0,-,-,"141,395","12,366",155,1,-
Baralaba Coal Mine,BARALABA COAL COMPANY PTY LTD ,QLD,Coal mining (060),0.951,"142,165","138,324",0,0,0,0,0,"138,324","-3,841","3,841",0,-,-,"89,127","48,941",256,0,-
Batchfire Resources No.1,BATCHFIRE RESOURCES PTY LTD,QLD,Coal mining (060),0.951,"161,762","218,872",0,0,0,0,0,"218,872","57,110",0,0,"218,872","57,110","217,940",307,621,4,Please refer to the Multi-year monitoring period reported emissions data table for more information.
Beharra Springs,BEACH ENERGY LIMITED,WA,Oil and gas extraction (070),0.951,"100,000","145,438",0,0,0,"45,438",0,"100,000",0,0,0,-,-,"137,169","7,453",816,0,"As the facility surrendered 30% or more of its baseline, the required written explanation as to why more carbon abatement did not occur at the facility can be found on the baselines and emissions data page."
Bell Bay Smelter,RIO TINTO ALUMINIUM (BELL BAY) LIMITED,TAS,Basic non-ferrous metal manufacturing (213),0.990,"353,471","351,701",0,0,0,0,0,"351,701","-1,770","1,770",0,-,-,"329,886",53,21,"21,741",-
Bengalla Operations,Bengalla Mining Company Pty Limited,NSW,Coal mining (060),0.951,"519,270","626,511",0,0,0,"107,241",0,"519,270",0,0,0,-,-,"213,856","412,057",581,17,-
Birkenhead Operations,ADBRI LIMITED,SA,"Cement, lime, plaster and concrete product manufacturing (203)",0.951,"877,429","809,431",0,"38,998",0,0,0,"848,429","-29,000","29,000",0,-,-,"807,422",425,"1,584",0,-
Blackwater Mine,BM Alliance Coal Operations Pty Limited,QLD,Coal mining (060),0.951,"485,780","531,681",0,0,0,"45,901",0,"485,780",0,0,0,-,-,"249,529","281,413",723,16,-
Blackwater Mine,WHITEHAVEN BLACKWATER PTY LTD,QLD,Coal mining (060),0.951,"156,081","190,372",0,0,0,"34,291",0,"156,081",0,0,0,-,-,"79,800","110,315",232,25,-
Boggabri Coal Minesite,BOGGABRI COAL PTY LIMITED,NSW,Coal mining (060),0.951,"206,330","210,390",0,0,0,"4,060",0,"206,330",0,0,0,-,-,"209,101",700,585,4,-
Boyne Smelters Limited,RIO TINTO ALUMINIUM LIMITED,QLD,Basic non-ferrous metal manufacturing (213),0.990,"931,303","921,558",0,0,0,0,0,"921,558","-9,745","9,745",0,-,-,"881,347",145,55,"40,011",-
Brockman 2 / Nammuldi Mines,Hamersley Iron Pty. Limited,WA,Metal ore mining (080),0.951,"185,088","312,410",0,0,0,"127,322",0,"185,088",0,0,0,-,-,"311,071",445,894,0,"As the facility surrendered 30% or more of its baseline, the required written explanation as to why more carbon abatement did not occur at the facility can be found on the baselines and emissions data page."
Brockman 4 Mine,Hamersley Iron Pty. Limited,WA,Metal ore mining (080),0.951,"142,158","236,261",0,0,0,"94,103",0,"142,158",0,0,0,-,-,"235,247",337,677,0,"As the facility surrendered 30% or more of its baseline, the required written explanation as to why more carbon abatement did not occur at the facility can be found on the baselines and emissions data page."
Bulga Coal Complex,BULGA COAL MANAGEMENT PTY LIMITED,NSW,Coal mining (060),0.951,"656,158","527,889",0,0,0,0,0,"527,889","-128,269","128,269",0,-,-,"290,944","236,084",847,14,-
Burton Complex,BOWEN COKING COAL LIMITED,QLD,Coal mining (060),0.951,"165,342","167,954",0,0,0,"2,612",0,"165,342",0,0,0,-,-,"89,538","78,153",262,1,-
Byerwen Mine,BYERWEN COAL PTY LTD,QLD,Coal mining (060),0.951,"360,395","432,031",0,0,0,"71,636",0,"360,395",0,0,0,-,-,"214,806","216,575",650,0,-
CAN01,South32 Cannington Proprietary Limited,QLD,Metal ore mining (080),0.951,"116,579","123,595",0,0,0,"7,016",0,"116,579",0,0,0,-,-,"123,232",230,113,20,-
Capcoal Mine,ANGLO COAL (CAPCOAL MANAGEMENT) PTY LIMITED,QLD,Coal mining (060),0.951,"2,070,902","1,048,254",0,0,0,0,0,"1,048,254","-1,022,648","1,022,648",0,-,-,"187,018","860,620",550,66,-
Carborough Downs Coal Mine,FITZROY (CQ) PTY LTD,QLD,Coal mining (060),0.951,"419,085","589,348",0,0,0,"546,907",0,"42,441","-376,644",0,0,"2,001,203",-1,"43,333","545,831",181,3,Please refer to the excess emissions situation table for more information. Please refer to the Multi-year monitoring period reported emissions data table for more information.
Carmichael Coal Mine,Adani Mining Pty Ltd,QLD,Coal mining (060),0.951,"1,026,479","675,247",0,0,0,0,0,"675,247","-351,232","351,232",0,-,-,"238,123","436,436",688,0,-
Carosue Dam Operations,NORTHERN STAR (CAROSUE DAM) PTY LTD,WA,Metal ore mining (080),0.951,"103,274","102,722",0,0,0,"5,273",0,"97,449","-5,825",0,0,"320,194",0,"102,352",170,192,8,Please refer to the Multi-year monitoring period reported emissions data table for more information.
Caval Ridge Mine,BM Alliance Coal Operations Pty Limited,QLD,Coal mining (060),0.951,"254,032","324,232",0,0,0,"70,200",0,"254,032",0,0,0,-,-,"319,134","4,174",910,14,-
CEM NSW Berrima Maldon,Boral Limited,NSW,"Cement, lime, plaster and concrete product manufacturing (203)",0.951,"1,015,917","952,073",0,0,0,0,0,"952,073","-63,844","63,844",0,-,-,"949,944",265,"1,864",0,-
Centurion Coal Mine,Centurion Coal Mining Pty Ltd,QLD,Coal mining (060),0.951,"100,000","174,917",0,0,0,"74,917",0,"100,000",0,0,0,-,-,"21,856","152,959",101,1,"As the facility surrendered 30% or more of its baseline, the required written explanation as to why more carbon abatement did not occur at the facility can be found on the baselines and emissions data page."
Chain Valley Colliery,Delta Electricity Pty Ltd,NSW,Coal mining (060),0.951,"588,821","588,821","15,602",0,0,0,0,"588,821",0,0,0,-,-,"23,771","565,038",3,9,-
Chandala Processing Plant,Tronox Management Pty Ltd,WA,Basic chemical manufacturing (181),0.951,"204,507","227,722",0,0,0,0,"23,215","204,507",0,0,0,-,-,"227,692",22,8,0,-
Christmas Creek Mine,CHICHESTER METALS PTY LTD,WA,Metal ore mining (080),0.951,"351,986","372,251",0,0,0,0,0,"372,251","20,265",0,0,"372,251","20,265","370,600",528,"1,095",28,Please refer to the Multi-year monitoring period reported emissions data table for more information.
Clermont Coal Operations,Clermont Coal Operations Pty Limited,QLD,Coal mining (060),0.951,"170,356","148,835",0,0,0,0,0,"148,835","-21,521","21,521",0,-,-,"148,194",207,424,10,-
Cloudbreak Mine,CHICHESTER METALS PTY LTD,WA,Metal ore mining (080),0.951,"267,459","295,132",0,0,0,"8,411","19,262","267,459",0,0,0,-,-,"293,833",419,865,15,-
Cockburn Operations,ADBRI LIMITED,WA,"Cement, lime, plaster and concrete product manufacturing (203)",0.951,"671,653","657,038",0,0,0,0,0,"657,038","-14,615","14,615",0,-,-,"656,499",396,134,9,-
Collinsville Mine,NC COAL COMPANY PTY LIMITED,QLD,Coal mining (060),0.951,"100,000","69,982",0,0,0,0,0,"69,982","-30,018","1,899",0,-,-,"66,959","2,834",187,2,The facility is an eligible facility under 58B.
Condabri Talinga Orana,ORIGIN ENERGY UPSTREAM OPERATOR PTY LTD,QLD,Oil and gas extraction (070),0.951,"367,391","263,344",0,0,0,0,0,"263,344","-104,047","104,047",0,-,-,"167,863","94,946",287,248,-
Cook Colliery,Constellation Mining Pty Ltd,QLD,Coal mining (060),0.951,"100,000","98,801",0,0,0,0,0,"98,801","-1,199",0,0,-,-,"5,079","93,714",8,0,The facility is an eligible facility under 58B.
Coppabella Coal Mine,PEABODY ENERGY AUSTRALIA PCI (C&M MANAGEMENT) PTY LTD,QLD,Coal mining (060),0.951,"219,678","235,397",0,0,0,0,"15,719","219,678",0,0,0,-,-,"116,833","118,226",333,5,-
Cowal Operations,EVOLUTION MINING (COWAL) PTY LIMITED,NSW,Metal ore mining (080),0.951,"148,711","82,450",0,0,0,0,0,"82,450","-66,261",0,0,"287,978","-60,733","82,078",118,248,6,Please refer to the Multi-year monitoring period reported emissions data table for more information.
CSBP Kwinana Facility,CSBP Limited,WA,Fertiliser and pesticide manufacturing (183),0.951,"734,581","671,716",0,0,0,0,0,"671,716","-62,865","62,865",0,-,-,"520,542",353,"150,815",6,-
CTC WA Facility,CENTURION TRANSPORT CO. PTY LTD,WA,Road freight transport (461),0.951,"115,700","112,173",0,0,0,0,0,"112,173","-3,527","3,527",0,-,-,"111,387",159,627,0,-
Curragh Mine,CORONADO AUSTRALIA HOLDINGS PTY LTD,QLD,Coal mining (060),0.951,"598,727","909,433",0,0,0,0,0,"909,433","310,706",0,0,"909,433","310,706","418,985","489,225","1,205",18,Please refer to the Multi-year monitoring period reported emissions data table for more information.
Curtis Island GLNG Plant,GLNG OPERATIONS PTY LTD,QLD,Oil and gas extraction (070),0.951,"1,695,720","1,635,447",0,0,0,0,0,"1,635,447","-60,273","60,273",0,-,-,"1,574,689","59,751","1,006",1,-
Dandenong,OCEANIA GLASS PTY LTD,VIC,Glass and glass product manufacturing (201),0.990,"100,000","107,278",0,0,0,0,0,"107,278","7,278",0,0,-,-,"107,072",158,48,0,Please refer to the excess emissions situation table for more information.
Darwin LNG Plant,Santos Limited,NT,Oil and gas extraction (070),0.951,"100,000","241,538",0,0,0,"141,538",0,"100,000",0,0,0,-,-,"207,289","33,794",455,0,"As the facility surrendered 30% or more of its baseline, the required written explanation as to why more carbon abatement did not occur at the facility can be found on the baselines and emissions data page."
Daunia Mine,BM Alliance Coal Operations Pty Limited,QLD,Coal mining (060),0.951,"177,734","161,798",0,0,0,0,0,"161,798","-15,936","15,936",0,-,-,"126,582","34,848",360,8,-
Daunia Mine,WHITEHAVEN DAUNIA PTY LTD,QLD,Coal mining (060),0.951,"57,106","53,753",0,0,0,0,0,"53,753","-3,353","3,353",0,-,-,"42,051","11,570",120,12,-
Dawson Mine,ANGLO COAL (DAWSON MANAGEMENT) PTY LTD,QLD,Coal mining (060),0.951,"485,823","538,741",0,0,0,"24,056","28,862","485,823",0,0,0,-,-,"265,182","272,759",764,36,-
DBNGP,DBNGP (WA) Transmission Pty Limited,WA,Pipeline and other transport (502),0.951,"241,857","250,024",0,0,0,0,0,"250,024","8,167",0,0,"517,202","28,983","213,270","36,621",133,0,Please refer to the Multi-year monitoring period reported emissions data table for more information.
DEN01,Dendrobium Coal Pty Ltd,NSW,Coal mining (060),0.951,"143,922","379,997",0,0,0,"40,000","196,075","143,922",0,0,0,-,-,"93,618","286,355",18,6,-
Dongara Operations,ADBRI LIMITED,WA,"Cement, lime, plaster and concrete product manufacturing (203)",0.951,"100,000","93,193",0,0,0,0,0,"93,193","-6,807","2,264",0,-,-,"93,110",62,21,0,The facility is an eligible facility under 58B.
Drake Mine,Drake Mine Management Pty Ltd,QLD,Coal mining (060),0.951,"233,185","244,064",0,0,0,"2,244","4,082","237,738","4,553",0,0,"635,647",0,"82,742","161,084",238,0,Please refer to the Multi-year monitoring period reported emissions data table for more information.
Duketon South Operations,Regis Resources Limited,WA,Metal ore mining (080),0.951,"175,908","155,772",0,0,0,0,0,"155,772","-20,136","20,136",0,-,-,"155,091",218,463,0,-
EGP,Jemena Eastern Gas Pipeline (1) Pty Ltd,NSW; VIC,Gas supply (270),0.951,"100,000","80,003",0,0,0,0,0,"80,003","-19,997",0,0,-,-,"70,262","9,700",41,0,The facility is an eligible facility under 58B.
Eliwana Mine,FMG SOLOMON PTY LTD,WA,Metal ore mining (080),0.951,"135,777","164,894",0,0,0,0,0,"164,894","29,117",0,0,"164,894","29,117","164,172",235,487,0,Please refer to the Multi-year monitoring period reported emissions data table for more information.
Ensham Coal Mine,ENSHAM RESOURCES PTY. LIMITED,QLD,Coal mining (060),0.951,"272,747","261,925",0,0,0,0,0,"261,925","-10,822","18,608","7,786",-,-,"49,185","212,596",139,5,"The responsible emitter was required to relinquish units, which they did via relinquishing 7,786 SMCs."
Fairview,Santos Limited,QLD,Oil and gas extraction (070),0.951,"289,078","214,228",0,0,0,0,0,"214,228","-74,850","74,850",0,-,-,"179,607","34,130",214,277,-
Fimiston Operations,KALGOORLIE CONSOLIDATED GOLD MINES PTY LTD,WA,Metal ore mining (080),0.951,"136,847","229,779",0,0,0,"92,932",0,"136,847",0,0,0,-,-,"228,758",333,663,25,"As the facility surrendered 30% or more of its baseline, the required written explanation as to why more carbon abatement did not occur at the facility can be found on the baselines and emissions data page."
Fisherman's Landing,CEMENT AUSTRALIA (QUEENSLAND) PTY LIMITED,QLD,"Cement, lime, plaster and concrete product manufacturing (203)",0.951,"1,597,242","1,582,237",0,0,0,0,0,"1,582,237","-15,005","15,005",0,-,-,"1,580,505",294,"1,438",0,-
FLNG,SHELL AUSTRALIA PTY LTD,WA,Oil and gas extraction (070),0.951,"2,929,109","1,851,848",0,0,0,0,0,"1,851,848","-1,077,261","1,077,261",0,-,-,"1,685,154","163,960","2,717",17,-
Foxleigh Mine,FOXLEIGH MANAGEMENT PTY LTD,QLD,Coal mining (060),0.951,"215,614","265,558",0,0,0,"49,944",0,"215,614",0,0,0,-,-,"160,203","104,892",463,0,-
Geelong Refinery,Viva Energy Refining Pty Ltd,VIC,Petroleum and coal product manufacturing (170),0.990,"906,089","1,051,228",0,0,0,"145,139",0,"906,089",0,0,0,-,-,"1,039,505","8,662","1,793","1,268",-
GEM01,Groote Eylandt Mining Company Proprietary Limited,NT,Metal ore mining (080),0.951,"142,343","174,512",0,0,0,"32,169",0,"142,343",0,0,0,-,-,"173,390",93,"1,012",17,-
Gibson Island,Incitec Pivot Limited,QLD,Fertiliser and pesticide manufacturing (183),0.951,"100,000",170,0,0,0,0,0,170,"-99,830",0,0,-,-,170,0,0,0,The facility is an eligible facility under 58B.
Gippsland Basin facility,ESSO AUSTRALIA RESOURCES PTY LTD,VIC,Oil and gas extraction (070),0.951,"1,349,503","1,505,497",0,0,0,"155,994",0,"1,349,503",0,0,0,-,-,"1,385,663","117,174","2,659",1,-
Goldfields Gas Transmission Pipeline,Goldfields Gas Transmission Pty Ltd,WA,Pipeline and other transport (502),0.951,"107,870","114,123",0,0,0,"6,253",0,"107,870",0,0,0,-,-,"92,443","21,625",55,0,-
Goonyella Broadmeadow Mine,BM Alliance Coal Operations Pty Limited,QLD,Coal mining (060),0.951,"1,015,171","1,257,022",0,0,0,"241,851",0,"1,015,171",0,0,0,-,-,"498,368","757,040","1,437",177,-
Gorgon Operations,CHEVRON AUSTRALIA PTY LTD,WA,Oil and gas extraction (070),0.951,"9,191,453","8,802,650",0,0,0,0,0,"8,802,650","-388,803","388,803",0,-,-,"8,573,524","221,742","6,777",607,-
Gove Operations,RTA GOVE PTY LIMITED,NT,Basic non-ferrous metal manufacturing (213),0.951,"114,808","133,829",0,0,0,"19,021",0,"114,808",0,0,0,-,-,"133,234",191,392,12,-
Granny Smith Mine Site,GSM MINING COMPANY PTY LTD,WA,Metal ore mining (080),0.951,"111,619","113,783",0,"5,856",0,"8,020",0,"111,619",0,0,0,-,-,"113,414",206,162,1,-
Greenbushes Lithium Operation,Talison Lithium Australia Pty Ltd,WA,Metal ore mining (080),0.951,"100,000","104,303",0,0,0,"4,303",0,"100,000",0,0,0,-,-,"103,789",148,324,42,-
Grosvenor Mine,ANGLO COAL (MORANBAH NORTH MANAGEMENT) PTY LIMITED,QLD,Coal mining (060),0.951,"1,717,249","1,094,252",0,0,0,0,0,"1,094,252","-622,997","622,997",0,-,-,"217,351","875,827","1,051",23,-
Gruyere Mine Site,Gruyere Mining Company Pty Ltd,WA,Metal ore mining (080),0.951,"186,298","204,627",0,0,0,"18,329",0,"186,298",0,0,0,-,-,"203,981",358,288,0,-
Gudai-Darri Mine,Mount Bruce Mining Pty Ltd,WA,Metal ore mining (080),0.951,"604,067","129,676",0,0,0,0,0,"129,676","-474,391","474,391",0,-,-,"129,122",184,370,0,-
Hail Creek Mine,HAIL CREEK COAL PTY LTD,QLD,Coal mining (060),0.951,"1,189,092","1,381,195",0,0,0,"192,103",0,"1,189,092",0,0,0,-,-,"317,301","1,062,986",891,17,-
Hope Downs 1 Mine,Hamersley HMS Pty Ltd,WA,Metal ore mining (080),0.951,"126,313","166,842",0,0,0,"40,529",0,"126,313",0,0,0,-,-,"166,124",238,480,0,"As the facility surrendered 30% or more of its baseline, the required written explanation as to why more carbon abatement did not occur at the facility can be found on the baselines and emissions data page."
Hope Downs 4 Mine,Hamersley HMS Pty Ltd,WA,Metal ore mining (080),0.951,"100,000","119,586",0,0,0,"19,586",0,"100,000",0,0,0,-,-,"119,072",170,344,0,-
Hunter Valley Operations mine,HV OPERATIONS PTY LTD,NSW,Coal mining (060),0.951,"491,271","637,147",0,0,0,"60,000","85,876","491,271",0,0,0,-,-,"367,918","268,211",998,20,-
HVY01 Hunter Valley Energy Coal - CCL Facility,Hunter Valley Energy Coal Pty Ltd,NSW,Coal mining (060),0.951,"581,285","594,767",0,0,0,"13,482",0,"581,285",0,0,0,-,-,"553,414","39,762","1,584",7,-
InfraBuild Steel Laverton Steel Mill,THE AUSTRALIAN STEEL COMPANY (OPERATIONS) PTY LTD,VIC,Basic ferrous metal manufacturing (211),0.951,"112,413","113,721",0,0,0,"1,308",0,"112,413",0,0,0,-,-,"113,533",134,43,11,-
Integra Underground Mine,HV Coking Coal Pty Limited,NSW,Coal mining (060),0.951,"322,546","396,320",0,0,0,"73,774",0,"322,546",0,0,0,-,-,"8,258","388,050",7,5,-
Iron Bridge Mine,IB Operations Pty Ltd,WA,Metal ore mining (080),0.951,"100,000","104,560",0,0,0,"2,414","2,146","100,000",0,0,0,-,-,"104,081",149,315,15,-
Ironbark No. 1,FITZROY (CQ) PTY LTD,QLD,Coal mining (060),0.951,"100,000","146,173",0,0,0,"46,173",0,"100,000",0,0,0,-,-,"45,691","100,211",256,15,Please refer to the excess emissions situation table for more information.
Isaac Plains Complex,STANMORE RESOURCES LIMITED,QLD,Coal mining (060),0.951,"167,250","202,682",0,0,0,"35,432",0,"167,250",0,0,0,-,-,"91,849","110,562",271,0,-
Jax Mine,Jax Coal Pty Ltd,QLD,Coal mining (060),0.951,"137,609","133,527",0,0,0,0,0,"133,527","-4,082","4,082",0,-,-,"53,089","80,285",153,0,-
Jellinbah Mine,JELLINBAH MINING PTY LTD,QLD,Coal mining (060),0.951,"321,854","364,464",0,0,0,"42,610",0,"321,854",0,0,0,-,-,"175,104","188,855",505,0,-
JGN,Jemena Gas Networks (NSW) Ltd,NSW,Gas supply (270),0.951,"340,367","341,152",0,0,0,785,0,"340,367",0,0,0,-,-,"4,434","336,699",19,0,-
Jimblebar Mine,BHP IRON ORE PTY LTD,WA,Metal ore mining (080),0.951,"302,155","310,615",0,0,0,"8,460",0,"302,155",0,0,0,-,-,"309,270",442,903,0,-
Jundee Gold Mine,NORTHERN STAR RESOURCES LIMITED,WA,Metal ore mining (080),0.951,"133,307","144,622",0,0,0,"11,315",0,"133,307",0,0,0,-,-,"144,152",248,220,2,-
Kemerton Silicon Smelter,SIMCOA OPERATIONS PTY. LTD.,WA,Basic non-ferrous metal manufacturing (213),0.951,"100,000","95,384",0,0,0,0,0,"95,384","-4,616",0,0,-,-,"95,357",11,7,9,The facility is an eligible facility under 58B.
Kestrel Coal Pty Ltd,Kestrel Coal Group Pty Ltd,QLD,Coal mining (060),0.951,"1,035,251","1,223,730",0,0,0,"188,479",0,"1,035,251",0,0,0,-,-,"284,623","937,617","1,471",19,-
King of the Hills,GREENSTONE RESOURCES (WA) PTY LTD,WA,Metal ore mining (080),0.951,"176,726","132,475",0,0,0,0,0,"132,475","-44,251","40,725",0,-,-,"132,025",224,226,0,-
Kogan Creek Mine,GOLDING CONTRACTORS PTY LTD,QLD,Coal mining (060),0.951,"100,000","100,248",0,0,0,248,0,"100,000",0,0,0,-,-,"20,494","79,693",61,0,-
Koolyanobbing Iron Ore Operations,Yilgarn Iron Pty Ltd,WA,Metal ore mining (080),0.951,"100,000","82,036",0,0,0,0,0,"82,036","-17,964",0,0,-,-,"81,681",113,242,0,The facility is an eligible facility under 58B.
Kooragang Island,ORICA AUSTRALIA PTY LTD,NSW,Other basic chemical product manufacturing (189),0.951,"913,822","483,071",0,0,0,0,0,"483,071","-430,751","430,751",0,-,-,"462,058",383,"20,630",0,-
Kwinana Alumina Refinery,Alcoa of Australia Limited,WA,Basic non-ferrous metal manufacturing (213),0.990,"824,523","915,101",0,0,0,"52,729","37,849","824,523",0,0,0,-,-,"912,711","1,810",572,8,-
Kwinana Pigment Plant,Tronox Management Pty Ltd,WA,Basic chemical manufacturing (181),0.990,"244,804","285,673",0,0,0,0,"40,869","244,804",0,0,0,-,-,"285,130",409,134,0,-
Lake Vermont Mine,THIESS PTY LTD,QLD,Coal mining (060),0.951,"308,609","289,068",0,0,0,0,0,"289,068","-19,541","19,541",0,-,-,"223,393","65,054",618,3,-
Leinster Power Station,TEC DESERT PTY LTD,WA,Electricity generation (261),0.951,"128,716","132,927",0,0,0,"4,211",0,"128,716",0,0,0,-,-,"132,577",261,87,2,-
Liberty Bell Bay,Liberty Bell Bay Pty Ltd,TAS,Basic ferrous metal manufacturing (211),0.951,"204,887","196,125",0,0,0,0,0,"196,125","-8,762","8,762",0,-,-,"196,107",6,6,6,-
Liberty Primary Steel Whyalla Steelworks,ONESTEEL MANUFACTURING PTY LIMITED,SA,Basic ferrous metal manufacturing (211),0.990,"1,026,135","1,191,510",0,0,0,0,0,"1,191,510","165,375",0,0,-,-,"1,190,837",414,253,6,Please refer to the excess emissions situation table for more information.
Mandalong Mine,CENTENNIAL MANDALONG PTY LIMITED,NSW,Coal mining (060),0.951,"554,933","742,230",0,0,0,"32,254","155,043","554,933",0,0,0,-,-,"24,907","717,233",85,5,-
Mangoola,MANGOOLA COAL OPERATIONS PTY LIMITED,NSW,Coal mining (060),0.951,"131,234","122,216",0,0,0,0,0,"122,216","-9,018","9,018",0,-,-,"118,914","2,955",332,15,-
Marandoo Mine,Hamersley Iron Pty. Limited,WA,Metal ore mining (080),0.951,"109,985","156,177",0,0,0,"46,192",0,"109,985",0,0,0,-,-,"155,505",222,450,0,"As the facility surrendered 30% or more of its baseline, the required written explanation as to why more carbon abatement did not occur at the facility can be found on the baselines and emissions data page."
Maules Creek Open Cut Mine,MAULES CREEK COAL PTY LTD,NSW,Coal mining (060),0.951,"275,001","286,028",0,0,0,"11,027",0,"275,001",0,0,0,-,-,"283,525","1,710",789,4,-
McArthur River Mine Operations,MCARTHUR RIVER MINING PTY. LTD.,NT,Metal ore mining (080),0.951,"100,000","101,914",0,0,0,"5,604",0,"96,310","-3,690",0,0,"208,064",0,"101,478",145,291,0,Please refer to the Multi-year monitoring period reported emissions data table for more information.
McArthur River Power Station,EDL NGD (NT) Pty Ltd,NT,Electricity generation (261),0.951,"138,562","153,074",0,0,0,"14,512",0,"138,562",0,0,0,-,-,"152,685",297,92,0,-
Mesa A Mine,Robe River Mining Co. Pty. Ltd.,WA,Metal ore mining (080),0.951,"100,000","60,255",0,0,0,0,0,"60,255","-39,745",0,0,-,-,"59,993",86,176,0,The facility is an eligible facility under 58B.
Mesa J / K Mine,Robe River Mining Co. Pty. Ltd.,WA,Metal ore mining (080),0.951,"104,837","65,868",0,0,0,0,0,"65,868","-38,969",0,0,-,-,"65,581",94,193,0,The facility is an eligible facility under 58B.
Metropolitan Colliery,METROPOLITAN COLLIERIES PTY. LTD.,NSW,Coal mining (060),0.951,"587,906","696,752",0,0,0,"108,846",0,"587,906",0,0,0,-,-,"142,132","554,603",10,7,-
Middlemount Coal Mine,Middlemount Coal Pty Ltd,QLD,Coal mining (060),0.951,"232,430","267,919",0,0,0,"35,489",0,"232,430",0,0,0,-,-,"150,855","116,631",431,2,-
Millicent Mill,Kimberly-Clark Australia Pty. Limited,SA,Converted paper product manufacturing (152),0.951,"100,000","100,534",0,0,0,534,0,"100,000",0,0,0,-,-,"100,279",195,60,0,-
Mobil Altona Refinery,MOBIL OIL AUSTRALIA PTY LTD,VIC,Petroleum and coal product manufacturing (170),0.951,"100,000",344,0,0,0,0,0,344,"-99,656",0,0,"111,270","-188,730",335,0,2,7,Please refer to the Multi-year monitoring period reported emissions data table for more information.
Montara Operations,JADESTONE ENERGY (EAGLE) PTY LTD,NT,Oil and gas extraction (070),0.951,"132,001","163,472",0,0,0,"31,471",0,"132,001",0,0,0,-,-,"139,791","23,013",666,2,-
Moolarben Coal Mine (Open Cut & Underground),MOOLARBEN COAL OPERATIONS PTY LTD,NSW,Coal mining (060),0.951,"238,272","233,810",0,0,0,0,0,"233,810","-4,462","4,609",147,-,-,"212,274","21,008",524,4,"The responsible emitter was required to relinquish units, which they did via relinquishing 147 SMCs."
Moomba Plant,Santos Limited,SA,Oil and gas extraction (070),0.951,"2,048,421","2,196,816",0,"2,579",0,"150,974",0,"2,048,421",0,0,0,-,-,"1,988,493","207,946",373,4,-
Moorvale Coal Mine,PEABODY ENERGY AUSTRALIA PCI (C&M MANAGEMENT) PTY LTD,QLD,Coal mining (060),0.951,"221,575","194,654",0,0,0,0,0,"194,654","-26,921","26,921",0,-,-,"80,725","113,697",231,1,-
Moranbah,Incitec Pivot Limited,QLD,Other basic chemical product manufacturing (189),0.951,"523,641","460,112",0,0,0,0,0,"460,112","-63,529","63,529",0,-,-,"349,030",326,"110,754",2,-
Moranbah North Mine,ANGLO COAL (MORANBAH NORTH MANAGEMENT) PTY LIMITED,QLD,Coal mining (060),0.951,"1,300,300","1,483,999",0,0,0,0,"183,699","1,300,300",0,0,0,-,-,"256,891","1,225,762","1,322",24,-
Mount Isa Mines Copper and Zinc Operations,MOUNT ISA MINES LIMITED,QLD,Metal ore mining (080),0.951,"328,070","409,936",0,0,0,"81,866",0,"328,070",0,0,0,-,-,"408,766",344,707,119,-
Mount Pleasant Operations,MACH Energy Australia Pty Ltd,NSW,Coal mining (060),0.951,"199,238","196,934",0,0,0,0,0,"196,934","-2,304","2,304",0,-,-,"133,486","63,096",352,0,-
Mt Keith Power Station,TEC DESERT PTY LTD,WA,Electricity generation (261),0.951,"160,670","160,073",0,0,0,0,0,"160,073",-597,0,0,"511,101","-10,587","159,530",313,108,122,Please refer to the Multi-year monitoring period reported emissions data table for more information.
Mt Marion Lithium Project,MT MARION LITHIUM PTY LTD,WA,Metal ore mining (080),0.951,"100,000","114,220",0,0,0,"14,220",0,"100,000",0,0,0,-,-,"113,732",165,310,13,-
Mt Owen Glendell Complex,MT OWEN PTY LIMITED,NSW,Coal mining (060),0.951,"206,337","265,669",0,0,0,"59,332",0,"206,337",0,0,0,-,-,"187,837","77,297",531,4,-
Multinet Principal Distribution Network and South Gippsland Pipeline,MULTINET GAS (DB NO. 2) PTY LTD,VIC,Gas supply (270),0.951,"165,214","169,759",0,0,0,0,"4,545","165,214",0,0,0,-,-,"4,405","165,353",1,0,-
Murrin Murrin Operations,MURRIN MURRIN OPERATIONS PTY LTD,WA,Metal ore mining (080),0.951,"478,181","523,774",0,0,0,0,"45,593","478,181",0,0,0,-,-,"522,748",632,394,0,-
Myuna Colliery,CENTENNIAL MYUNA PTY LIMITED,NSW,Coal mining (060),0.951,"346,793","191,750",0,0,0,0,0,"191,750","-155,043","155,043",0,-,-,"8,264","183,478",4,4,-
Narrabri Underground Mine,Narrabri Coal Operations Pty Ltd,NSW,Coal mining (060),0.951,"383,633","555,048",0,0,0,"171,415",0,"383,633",0,0,0,-,-,"199,690","355,312",30,16,"As the facility surrendered 30% or more of its baseline, the required written explanation as to why more carbon abatement did not occur at the facility can be found on the baselines and emissions data page."
Newman Operations,BHP IRON ORE PTY LTD,WA,Metal ore mining (080),0.951,"304,376","316,238",0,0,0,"11,862",0,"304,376",0,0,0,-,-,"314,656",450,968,164,-
Newman Power Station,APA TRANSMISSION (ROY HILL) PTY LTD,WA,Electricity generation (261),0.951,"544,310","376,230",0,"53,575",0,0,0,"429,805","-114,505","114,505",0,-,-,"375,263",744,223,0,-
Newmont Boddington Gold Operation,Newmont Boddington Pty Ltd,WA,Metal ore mining (080),0.951,"183,027","238,348",0,0,0,"55,321",0,"183,027",0,0,0,-,-,"237,186",337,688,137,"As the facility surrendered 30% or more of its baseline, the required written explanation as to why more carbon abatement did not occur at the facility can be found on the baselines and emissions data page."
Newmont Tanami Operation,Newmont Tanami Pty Ltd,NT,Metal ore mining (080),0.951,"190,869","200,358",0,0,0,"9,489",0,"190,869",0,0,0,-,-,"199,704",358,259,37,-
Ningaloo Vision FPSO,Santos Limited,WA,Oil and gas extraction (070),0.951,"277,840","226,731",0,0,0,0,0,"226,731","-51,109","51,109",0,-,-,"214,200","12,131",400,0,-
NKS01 Nickel West Kalgoorlie Facility,BHP NICKEL WEST PTY LTD,WA,Basic non-ferrous metal manufacturing (213),0.951,"123,249","105,583",0,0,0,0,0,"105,583","-17,666","17,666",0,-,-,"105,512",51,20,0,-
NKW01 Nickel West Kwinana Facility,BHP NICKEL WEST PTY LTD,WA,Basic non-ferrous metal manufacturing (213),0.951,"122,189","169,074",0,0,0,"62,720","17,666","88,688","-33,501",0,0,"417,031",0,"168,635",324,115,0,Please refer to the Multi-year monitoring period reported emissions data table for more information.
NMK01 Nickel West Mt Keith Facility,BHP NICKEL WEST PTY LTD,WA,Metal ore mining (080),0.951,"100,000","200,895",0,0,0,"100,895",0,"100,000",0,0,0,-,-,"200,012",286,589,8,"As the facility surrendered 30% or more of its baseline, the required written explanation as to why more carbon abatement did not occur at the facility can be found on the baselines and emissions data page."
Norske Skog Boyer Mill,Norske Skog Paper Mills (Australia) Limited,TAS,"Pulp, paper and paperboard manufacturing (151)",0.990,"166,962","171,146",0,"20,320","20,320","4,184",0,"166,962",0,0,0,-,-,"170,690",80,376,0,-
North West Shelf Project,Woodside Energy Ltd.,WA,Oil and gas extraction (070),0.951,"5,489,531","6,097,509",0,0,0,"607,982",0,"5,489,527",-4,0,0,-,-,"5,962,350","130,429","4,730",0,-
Norwich Park Mine,BM Alliance Coal Operations Pty Limited,QLD,Coal mining (060),0.951,"100,000","16,978",0,0,0,0,0,"16,978","-83,022",0,0,-,-,"15,372","1,551",45,10,The facility is an eligible facility under 58B.
Nowra Plant,Shoalhaven Starches Pty Ltd,NSW,Grain mill and cereal product manufacturing (116),0.951,"448,436","395,916",0,0,0,0,0,"395,916","-52,520","52,520",0,-,-,"392,702","2,688",526,0,-
Nyrstar Port Pirie Facility,Nyrstar Port Pirie Pty Ltd,SA,Basic non-ferrous metal manufacturing (213),0.990,"441,897","441,897","10,092",0,0,0,0,"441,897",0,0,0,-,-,"440,844",238,807,8,-
Oaky Creek Coal Complex,OAKY CREEK HOLDINGS PTY LIMITED,QLD,Coal mining (060),0.951,"759,605","845,959",0,0,0,"86,354",0,"759,605",0,0,0,-,-,"213,076","632,118",756,9,-
ODS01 Olympic Dam – UOD Facility,BHP OLYMPIC DAM CORPORATION PTY LTD,SA,Metal ore mining (080),0.951,"246,875","244,321",0,0,0,0,0,"244,321","-2,554","2,554",0,-,-,"243,270",336,598,117,-
Olive Downs Complex,PEMBROKE RESOURCES NOMINEE PTY LTD,QLD,Coal mining (060),0.951,"100,000","155,917",0,0,0,"55,917",0,"100,000",0,0,0,-,-,"102,189","53,414",314,0,"As the facility surrendered 30% or more of its baseline, the required written explanation as to why more carbon abatement did not occur at the facility can be found on the baselines and emissions data page."
Opal Australian Paper Maryvale Mill,PAPER AUSTRALIA PTY LTD,VIC,"Pulp, paper and paperboard manufacturing (151)",0.990,"242,779","235,738",0,0,0,0,0,"235,738","-7,041","7,041",0,-,-,"231,188","2,432","2,118",0,-
Orora Glass Plant Gawler,Orora Limited,SA,Glass and glass product manufacturing (201),0.951,"185,948","189,646",0,0,0,"3,698",0,"185,948",0,0,0,-,-,"189,260",294,91,1,-
Otway,BEACH ENERGY LIMITED,VIC,Oil and gas extraction (070),0.951,"127,568","157,371",0,0,0,"22,868","6,935","127,568",0,0,0,-,-,"149,981","7,217",173,0,-
Pacific National National Transport Facility,PACIFIC NATIONAL PTY LTD,National,Rail freight transport (471),0.951,"711,831","770,634",0,"7,254","7,254","172,749",0,"597,885","-113,946",0,0,"2,282,759",0,"765,196","1,091","4,347",0,Please refer to the Multi-year monitoring period reported emissions data table for more information.
Paraburdoo Mine,Hamersley Iron Pty. Limited,WA,Metal ore mining (080),0.951,"100,000","163,892",0,0,0,"63,892",0,"100,000",0,0,0,-,-,"163,170",232,490,0,"As the facility surrendered 30% or more of its baseline, the required written explanation as to why more carbon abatement did not occur at the facility can be found on the baselines and emissions data page."
Parkhurst Magnesia Manufacturing Plant,QMAG PTY LIMITED,QLD,Other non-metallic mineral product manufacturing (209),0.990,"241,996","242,801",0,0,0,805,0,"241,996",0,0,0,-,-,"242,633",127,40,1,-
Peak Downs Mine,BM Alliance Coal Operations Pty Limited,QLD,Coal mining (060),0.951,"371,336","434,812",0,0,0,"63,476",0,"371,336",0,0,0,-,-,"418,160","15,450","1,192",10,-
Phosphate Hill,Incitec Pivot Limited,QLD,Fertiliser and pesticide manufacturing (183),0.990,"397,847","423,015",0,0,0,0,"25,168","397,847",0,0,0,-,-,"422,296",533,179,7,-
Pilbara Rail Operations,PILBARA IRON PTY LTD,WA,Rail freight transport (471),0.951,"611,803","656,025",0,0,0,"44,222",0,"611,803",0,0,0,-,-,"651,370",931,"3,724",0,-
Pilgangoora Operations,Pilbara Minerals Limited,WA,Metal ore mining (080),0.951,"168,656","180,291",0,0,0,"11,635",0,"168,656",0,0,0,-,-,"179,514",254,523,0,-
Pinjarra Alumina Refinery,Alcoa of Australia Limited,WA,Basic non-ferrous metal manufacturing (213),0.951,"1,417,325","1,347,202",0,0,0,0,0,"1,347,202","-70,123","70,123",0,-,-,"1,343,695","2,666",823,18,-
Pluto LNG,Woodside Burrup Pty. Ltd.,WA,Oil and gas extraction (070),0.951,"1,918,373","1,845,003",0,0,0,0,0,"1,845,003","-73,370","73,370",0,-,-,"1,799,970","42,623","2,410",0,-
Poitrel Mine,STANMORE RESOURCES LIMITED,QLD,Coal mining (060),0.951,"215,485","298,489",0,0,0,"83,004",0,"215,485",0,0,0,-,-,"201,442","96,493",554,0,"As the facility surrendered 30% or more of its baseline, the required written explanation as to why more carbon abatement did not occur at the facility can be found on the baselines and emissions data page."
Port Bonython Plant,Santos Limited,SA,Oil and gas extraction (070),0.951,"100,000","82,939",0,0,0,0,0,"82,939","-17,061",0,0,-,-,"80,005","2,829",105,0,The facility is an eligible facility under 58B.
Port Kembla Steelworks,BLUESCOPE STEEL (AIS) PTY. LTD.,NSW,Basic ferrous metal manufacturing (211),0.990,"6,176,914","5,946,306",0,0,0,0,0,"5,946,306","-230,608","232,088","1,480",-,-,"5,945,869",181,188,68,"The responsible emitter was required to relinquish units, which they did via relinquishing 1,480 SMCs."
Port Latta Pelletising Plant,GRANGE RESOURCES (TASMANIA) PTY LTD,TAS,Basic ferrous product manufacturing (212),0.951,"120,185","112,666",0,0,0,0,0,"112,666","-7,519","7,519",0,-,-,"112,379",199,88,0,-
Portland Aluminium Smelter,Alcoa Portland Aluminium Proprietary Limited,VIC,Basic non-ferrous metal manufacturing (213),0.951,"549,273","620,768",0,0,0,"71,495",0,"549,273",0,0,0,-,-,"508,882",64,29,"111,793",-
Premier Coal Mine (Open Cut),Premier Coal Pty Ltd,WA,Coal mining (060),0.951,"100,000","110,312",0,0,0,"10,312",0,"100,000",0,0,0,-,-,"109,841",156,312,3,Please refer to the excess emissions situation table for more information.
PRL03 Rail - IOR Facility,BHP IRON ORE PTY LTD,WA,Rail freight transport (471),0.951,"526,254","559,502",0,0,0,"33,248",0,"526,254",0,0,0,-,-,"557,091",797,"1,614",0,-
Qantas Airways Limited National Transport Facility,Qantas Airways Limited,National,Air and space transport (490),0.951,"4,472,910","4,528,002",0,0,0,"55,092",0,"4,472,910",0,0,0,-,-,"4,486,008",673,"39,950","1,371",-
Qenos Altona Manufacturing,QENOS PTY LTD,VIC,Basic chemical manufacturing (181),0.951,"211,616","225,217",0,0,0,0,"13,601","211,616",0,0,0,-,-,"224,846",284,86,1,-
QGC Upstream,QGC PTY LIMITED,QLD,Oil and gas extraction (070),0.951,"915,545","868,117",0,0,0,0,0,"868,117","-47,428","47,428",0,-,-,"650,699","216,637",631,150,-
Queensland Alumina Limited Refinery,QUEENSLAND ALUMINA LIMITED,QLD,Basic non-ferrous metal manufacturing (213),0.990,"2,770,213","3,094,142",0,0,0,"323,929",0,"2,770,213",0,0,0,-,-,"3,086,354","2,308","5,480",0,-
Queensland Curtis LNG Plant,QCLNG Operating Company Pty Ltd,QLD,Oil and gas extraction (070),0.951,"1,866,331","1,938,855",0,0,0,"72,524",0,"1,866,331",0,0,0,-,-,"1,917,040","20,461","1,354",0,Please refer to the excess emissions situation table for more information.
Queensland Nitrates Ammonium Nitrate Plant,Queensland Nitrates Pty Ltd,QLD,Basic chemical manufacturing (181),0.951,"158,556","156,174",0,0,0,0,0,"156,174","-2,382","2,382",0,-,-,"147,379",209,"8,586",0,-
Rail,THE PILBARA INFRASTRUCTURE PTY LTD,WA,Rail freight transport (471),0.951,"241,706","254,871",0,0,0,"4,002","9,163","241,706",0,0,0,-,-,"253,085",362,"1,424",0,-
Railton,CEMENT AUSTRALIA (GOLIATH) PTY LIMITED,TAS,"Cement, lime, plaster and concrete product manufacturing (203)",0.951,"983,714","984,395",0,0,0,0,681,"983,714",0,0,0,-,-,"983,462",158,775,0,-
Ranger Mine,ENERGY RESOURCES OF AUSTRALIA LTD.,NT,Metal ore mining (080),0.951,"100,000","63,430",0,0,0,0,0,"63,430","-36,570",0,0,-,-,"63,158",90,182,0,The facility is an eligible facility under 58B.
Ravensthorpe Nickel Operation,FQM Australia Nickel Pty Ltd,WA,Metal ore mining (080),0.951,"147,510","171,706",0,0,0,"24,196",0,"147,510",0,0,0,-,-,"171,263",134,292,17,-
Ravenswood Mine,RAVENSWOOD GOLD PTY LTD,QLD,Metal ore mining (080),0.951,"269,728","137,227",0,0,0,0,0,"137,227","-132,501","132,501",0,-,-,"136,624",195,397,11,-
Ravensworth Operations,RAVENSWORTH OPERATIONS PTY LIMITED,NSW,Coal mining (060),0.951,"287,954","326,604",0,0,0,"38,650",0,"287,954",0,0,0,-,-,"238,060","87,869",672,3,-
Refinery Qld Lytton,Ampol Limited,QLD,Petroleum and coal product manufacturing (170),0.951,"659,208","716,979",0,0,0,"57,771",0,"659,208",0,0,0,-,-,"707,828","7,895","1,246",10,-
Rio Tinto Weipa,RTA WEIPA PTY LTD,QLD,Metal ore mining (080),0.951,"256,438","270,463",0,0,0,"14,025",0,"256,438",0,0,0,-,-,"269,229",385,809,40,-
Rio Tinto Yarwun,RTA Yarwun Pty Ltd,QLD,Basic non-ferrous metal manufacturing (213),0.990,"1,943,147","2,114,101",0,0,0,"170,954",0,"1,943,147",0,0,0,-,-,"2,108,611","2,675","2,794",21,-
Rolleston Coal Mine,ROLLESTON COAL HOLDINGS PTY LIMITED,QLD,Coal mining (060),0.951,"164,679","173,698",0,0,0,"9,019",0,"164,679",0,0,0,-,-,"172,936",242,487,33,-
Roma Hub,Santos Limited,QLD,Oil and gas extraction (070),0.951,"150,920","129,375",0,0,0,0,0,"129,375","-21,545","21,545",0,-,-,"90,388","37,963",238,786,-
Roy Hill Mine,Roy Hill Holdings Pty Ltd,WA,Metal ore mining (080),0.951,"470,949","516,539",0,0,0,"45,590",0,"470,949",0,0,0,-,-,"514,168",722,"1,517",132,-
Russell Vale Colliery,WOLLONGONG RESOURCES PTY. LTD.,NSW,Coal mining (060),0.951,"110,000","335,908","10,000",0,0,"225,908",0,"110,000",0,0,0,-,-,"15,981","319,924",2,1,"As the facility surrendered 30% or more of its baseline, the required written explanation as to why more carbon abatement did not occur at the facility can be found on the baselines and emissions data page."
Saraji Mine,BM Alliance Coal Operations Pty Limited,QLD,Coal mining (060),0.951,"311,441","353,611",0,0,0,"42,170",0,"311,441",0,0,0,-,-,"324,806","27,833",932,40,-
Savage River Mine,GRANGE RESOURCES (TASMANIA) PTY LTD,TAS,Metal ore mining (080),0.951,"100,000","119,158",0,0,0,0,0,"119,158","19,158",0,0,"119,158","19,158","118,651",169,338,0,Please refer to the Multi-year monitoring period reported emissions data table for more information.
Sewerage West,Melbourne Water Corporation,VIC,"Water supply, sewerage and drainage services (281)",0.951,"134,661","143,515",0,0,0,"8,854",0,"134,661",0,0,0,-,-,28,"119,843","23,635",9,-
SIMEC Mining - Middleback Range Iron Ore Mine (Whyalla),ONESTEEL MANUFACTURING PTY LIMITED,SA,Metal ore mining (080),0.951,"100,000","127,129",0,0,0,0,0,"127,129","27,129",0,0,-,-,"126,570",176,373,10,Please refer to the excess emissions situation table for more information.
Sino Iron Project – Cape Preston,CITIC Pacific Mining Management Pty Ltd,WA,Metal ore mining (080),0.951,"1,091,911","1,111,621",0,0,0,"19,710",0,"1,091,911",0,0,0,-,-,"1,107,429","2,029","1,229",934,-
Sojitz Gregory Crinum Mine,SOJITZ DEVELOPMENT PTY LTD,QLD,Coal mining (060),0.951,"102,951","65,978",0,0,0,"5,682",0,"60,296","-42,655",0,0,"302,951",0,"65,262",521,195,0,Please refer to the Multi-year monitoring period reported emissions data table for more information.
Solomon Mine,FMG SOLOMON PTY LTD,WA,Metal ore mining (080),0.951,"390,033","452,137",0,0,0,"42,926","19,178","390,033",0,0,0,-,-,"449,989",641,"1,350",157,-
Solomon Power Station,FMG SOLOMON PTY LTD,WA,Electricity generation (261),0.951,"366,608","316,859",0,0,0,0,0,"316,859","-49,749","49,749",0,-,-,"316,015",610,183,51,-
South Walker Creek,STANMORE RESOURCES LIMITED,QLD,Coal mining (060),0.951,"382,706","474,299",0,0,0,"36,538","132,501","305,260","-77,446",0,0,"1,009,498",0,"216,710","256,953",623,13,Please refer to the Multi-year monitoring period reported emissions data table for more information.
South West Queensland Pipeline,APA (SWQP) PTY LIMITED,QLD; SA,Pipeline and other transport (502),0.951,"130,235","127,602",0,0,0,0,0,"127,602","-2,633","2,633",0,-,-,"105,596","21,943",63,0,-
South West Synthetic Rutile Operations,Iluka Resources Limited,WA,Metal ore mining (080),0.951,"198,049","216,480",0,0,0,"18,431",0,"198,049",0,0,0,-,-,"216,440",25,9,6,-
Spring Gully Reedy Creek Combabula,ORIGIN ENERGY UPSTREAM OPERATOR PTY LTD,QLD,Oil and gas extraction (070),0.951,"386,244","310,794",0,0,0,0,0,"310,794","-75,450","81,761","6,311",-,-,"195,691","114,630",275,198,"The responsible emitter was required to relinquish units, which they did via relinquishing 6,311 SMCs."
Start up and Operations of the Ichthys LNG Project,INPEX Operations Australia Pty Ltd,NT,Oil and gas extraction (070),0.951,"7,467,861","6,698,961",0,0,0,0,0,"6,698,961","-768,900","768,900",0,-,-,"6,540,381","151,418","4,812","2,350",-
Sunrise Dam,AngloGold Ashanti Australia Limited,WA,Metal ore mining (080),0.951,"146,998","165,796",0,0,0,"18,798",0,"146,998",0,0,0,-,-,"165,261",301,217,17,-
TAHMOOR COAL MINE,TAHMOOR COAL PTY LTD,NSW,Coal mining (060),0.951,"1,354,765","1,084,992",0,0,0,0,0,"1,084,992","-269,773","269,773",0,-,-,"207,841","876,899",247,5,-
Telfer Gold Mine,Newcrest Mining Limited,WA,Metal ore mining (080),0.951,"291,043","353,943",0,0,0,"62,900",0,"291,043",0,0,0,-,-,"352,809",621,490,23,-
Thunderbox Operations,NORTHERN STAR (THUNDERBOX) PTY LTD,WA,Metal ore mining (080),0.951,"170,892","174,100",0,0,0,"3,208",0,"170,892",0,0,0,-,-,"173,507",294,297,2,-
Tom Price Mine / WTS,Hamersley Iron Pty. Limited,WA,Metal ore mining (080),0.951,"161,334","183,325",0,0,0,"21,991",0,"161,334",0,0,0,-,-,"182,516",261,548,0,-
Tomago Aluminium Smelter,TOMAGO ALUMINIUM COMPANY PTY LTD,NSW,Basic non-ferrous metal manufacturing (213),0.951,"1,102,992","1,159,663",0,0,0,"56,671",0,"1,102,992",0,0,0,-,-,"1,018,685",166,66,"140,746",-
Tropicana Gold Mine,AngloGold Ashanti Australia Limited,WA,Metal ore mining (080),0.951,"290,437","306,196",0,0,0,"15,759",0,"290,437",0,0,0,-,-,"305,132",504,553,7,-
TT-Line - Victorian Operation,TT-Line Company Pty. Ltd.,VIC,Water passenger transport (482),0.951,"125,468","165,384",0,"19,657","14,395","45,178",0,"125,468",0,0,0,-,-,"164,258",233,893,0,"As the facility surrendered 30% or more of its baseline, the required written explanation as to why more carbon abatement did not occur at the facility can be found on the baselines and emissions data page."
United Coal Mine,UNITED COLLIERIES PTY LTD,NSW,Coal mining (060),0.951,"190,293","433,266",0,0,0,"52,973","190,000","190,293",0,0,0,-,-,"207,107","225,590",569,0,-
V/Line,V/Line Corporation,VIC,Rail passenger transport (472),0.951,"159,585","138,625",0,0,0,0,0,"138,625","-20,960","20,960",0,-,-,"137,643",190,792,0,-
Varanus Hub,Santos Limited,WA,Oil and gas extraction (070),0.951,"237,234","281,036",0,0,0,"43,802",0,"237,234",0,0,0,-,-,"250,136","30,406",494,0,-
Vincent Project Venture,Woodside Energy Ltd.,WA,Oil and gas extraction (070),0.951,"263,351","280,795",0,0,0,"17,445",0,"263,350",-1,0,0,-,-,"257,844","22,396",555,0,-
Virgin Australia Holdings National Transport Facility,VIRGIN AUSTRALIA HOLDINGS LIMITED,National,Air and space transport (490),0.951,"2,170,511","2,103,081",0,0,0,0,0,"2,103,081","-67,430","67,430",0,-,-,"2,084,817",302,"17,962",0,-
Wagerup Alumina Refinery,Alcoa of Australia Limited,WA,Basic non-ferrous metal manufacturing (213),0.951,"1,280,185","1,343,954",0,0,0,"37,271","26,498","1,280,185",0,0,0,-,-,"1,340,460","2,655",823,16,-
Wambo Coal Mine,WAMBO COAL PTY LIMITED,NSW,Coal mining (060),0.951,"244,508","162,094",0,0,0,0,0,"162,094","-82,414","82,414",0,-,-,"25,208","136,852",28,6,-
Warkworth Mine,Warkworth Mining Ltd,NSW,Coal mining (060),0.951,"795,576","966,843",0,0,0,"171,267",0,"795,576",0,0,0,-,-,"353,927","611,940",967,9,-
West Angelas Mine,Robe River Mining Co. Pty. Ltd.,WA,Metal ore mining (080),0.951,"208,498","265,099",0,0,0,"56,601",0,"208,498",0,0,0,-,-,"263,959",377,763,0,-
Western Australia,Alliance Aviation Services Limited,WA,Air and space transport (490),0.951,"100,000","110,489",0,0,0,"10,489",0,"100,000",0,0,0,-,-,"109,530",16,943,0,-
Western Port Works,BlueScope Steel Limited,VIC,Basic ferrous metal manufacturing (211),0.951,"100,000","107,642",0,0,0,0,"7,642","100,000",0,0,0,-,-,"107,342",193,91,16,-
Wheatstone Operations,CHEVRON AUSTRALIA PTY LTD,WA,Oil and gas extraction (070),0.951,"4,299,587","4,065,836",0,0,0,0,0,"4,065,836","-233,751","233,751",0,-,-,"3,772,123","287,191","5,977",545,-
Wilpinjong Coal Mine,WILPINJONG COAL PTY LTD,NSW,Coal mining (060),0.951,"148,354","162,960",0,0,0,"14,606",0,"148,354",0,0,0,-,-,"159,714","2,838",403,5,-
Wodgina Operations,MARBL Lithium Operations Pty Ltd,WA,Metal ore mining (080),0.951,"150,054","166,859",0,0,0,"16,805",0,"150,054",0,0,0,-,-,"166,274",275,303,7,-
WOR01,South32 Worsley Alumina Pty Ltd,WA,Basic non-ferrous metal manufacturing (213),0.951,"3,295,004","3,177,815",0,0,0,0,0,"3,177,815","-117,189","117,189",0,-,-,"3,168,745","3,364","5,381",325,-
YAN01 Yandi/Marillana Creek Mine - MNG Facility,BHP IRON ORE PTY LTD,WA,Metal ore mining (080),0.951,"100,000","107,160",0,0,0,"7,160",0,"100,000",0,0,0,-,-,"106,625",152,333,50,-
Yandicoogina Mine,Hamersley Iron - Yandi Pty Limited,WA,Metal ore mining (080),0.951,"141,890","151,438",0,0,0,"9,548",0,"141,890",0,0,0,-,-,"150,786",215,437,0,-
Yarnima Power Station,BHP IRON ORE PTY LTD,WA,Electricity generation (261),0.951,"328,998","347,643",0,0,0,"18,645",0,"328,998",0,0,0,-,-,"346,706",706,231,0,-
Yarrabee Coal Mine (Open Cut),YARRABEE COAL COMPANY PTY. LTD.,QLD,Coal mining (060),0.951,"136,622","183,931",0,0,0,"47,309",0,"136,622",0,0,0,-,-,"113,461","70,142",328,0,"Please refer to the excess emissions situation table for more information. As the facility surrendered 30% or more of its baseline, the required written explanation as to why more carbon abatement did not occur at the facility can be found on the baselines and emissions data page."
Yarwun Nitrates,ORICA AUSTRALIA PTY LTD,QLD,Other basic chemical product manufacturing (189),0.951,"300,013","377,339",0,0,0,0,0,"377,339","77,326",0,0,"377,339","77,326","7,072",13,"370,254",0,Please refer to the Multi-year monitoring period reported emissions data table for more information.
YPF AMMONIA PLANT,Yara Pilbara Fertilisers Pty Ltd,WA,Fertiliser and pesticide manufacturing (183),0.990,"1,356,400","1,366,029",0,0,0,"9,629",0,"1,356,400",0,0,0,-,-,"1,365,061",743,225,0,-
