Facility name,State of operation,Responsible emitter,Responsible emitter ABN/ACN, Baseline number ,Type of baseline,Reported covered Emissions,ACCUs issued,ACCUs deemed surrender,ACCUs surrendered, Net emissions number ,MYMP net emissions number,MYMP baseline number,Excess emissions situation start date (if applicable),Excess emissions situation end date (if applicable),Notes
1. Solid Waste Services - Lucas Heights,NSW,CLEANAWAY WASTE MANAGEMENT LIMITED,74 101 155 220," 315,324 ",Landfill baseline," 129,354 ",0,0,0," 129,354 ",n/a,n/a,-,-,-
1. Solid Waste Services - MRL,VIC,CLEANAWAY WASTE MANAGEMENT LIMITED,74 101 155 220," 251,277 ",Landfill baseline," 107,380 ","241,391","211,334",0," 137,437 ",n/a,n/a,-,-,-
Angaston Operations,SA,ADBRI LIMITED,15 007 596 018," 108,195 ",Production-adjusted baseline," 116,760 ",0,0,"7,145"," 108,195 ",n/a,n/a,15/01/2025,4/06/2025,-
APLNG Facility,QLD,CONOCOPHILLIPS AUSTRALIA OPERATIONS PTY LTD,28 141 253 787," 2,381,120 ",Production-adjusted baseline," 2,096,033 ",0,0,0," 2,096,033 ",n/a,n/a,-,-,-
APN01 Appin Colliery - ICH Facility,NSW,ENDEAVOUR COAL PTY LIMITED,38 099 830 476," 3,280,958 ",Production-adjusted baseline," 2,433,025 ",0,0,0," 2,433,025 ",n/a,n/a,-,-,-
APU01 Pyrenees - AOA Facility,WA,WOODSIDE ENERGY GLOBAL PTY LTD,97 006 918 832," 368,195 ",Production-adjusted baseline," 176,667 ",0,0,0," 176,667 ",n/a,n/a,-,-,-
ARC01 Mining Area C - MNG Facility,WA,BHP IRON ORE PTY LTD,46 008 700 981," 861,545 ",Production-adjusted baseline," 470,614 ",0,0,0," 470,614 ",n/a,n/a,-,-,-
Ashton Coal Mine (Underground),NSW,ASHTON COAL OPERATIONS PTY LIMITED,22 078 556 500," 871,793 ",Calculated baseline," 381,866 ",0,0,0," 381,866 ",n/a,n/a,-,-,-
Aurizon National Transport Facility,National,AURIZON OPERATIONS LIMITED,47 564 947 264," 648,120 ",Production-adjusted baseline," 562,389 ",0,0,0," 562,389 ",n/a,n/a,-,-,-
AusNet Gas Services Pty Ltd,VIC,AUSNET SERVICES HOLDINGS PTY LTD,97 086 006 859," 221,453 ",Production-adjusted baseline," 185,486 ",0,0,0," 185,486 ",n/a,n/a,-,-,-
Australian Gas Networks (Vic) Pty Ltd,VIC,AUSTRALIAN GAS NETWORKS HOLDING PTY LTD,24 169 818 026," 307,484 ",Production-adjusted baseline," 172,611 ",0,0,0," 172,611 ",n/a,n/a,-,-,-
Ballera,QLD,SANTOS LIMITED,80 007 550 923," 200,749 ",Calculated baseline," 167,792 ",0,0,0," 167,792 ",n/a,n/a,-,-,-
Baralaba Coal Mine,QLD,BARALABA COAL COMPANY PTY LTD,42 096 909 634, n/a ,Multi-year monitoring period," 122,385 ",0,0,"35,059",n/a," 300,000 "," 300,000 ",-,-,-
Batchfire Resources No.1,QLD,BATCHFIRE RESOURCES PTY LTD,84 607 340 189," 241,186 ",Calculated baseline," 212,226 ",0,0,0," 212,226 ",n/a,n/a,-,-,-
Beharra Springs,WA,BEACH ENERGY (OPERATIONS) LIMITED,66 007 845 338," 100,000 ",Default," 127,391 ",0,0,"35,385"," 100,000 ",n/a,n/a,-,-,-
Bell Bay Smelter,TAS,RIO TINTO ALUMINIUM (BELL BAY) LIMITED,91 009 483 201," 354,165 ",Production-adjusted baseline," 352,704 ",0,0,0," 352,704 ",n/a,n/a,-,-,-
Bengalla Operations,NSW,BENGALLA MINING COMPANY PTY LIMITED,32 053 909 470," 700,840 ",Production-adjusted baseline," 573,941 ",0,0,0," 573,941 ",n/a,n/a,-,-,-
Birkenhead Operations,SA,ADBRI LIMITED,15 007 596 018," 988,841 ",Production-adjusted baseline," 811,135 ",0,0,0," 811,135 ",n/a,n/a,-,-,-
Blackwater Mine,QLD,BM ALLIANCE COAL OPERATIONS PTY LIMITED,67 096 412 752," 733,663 ",Calculated baseline," 611,588 ",0,0,0," 611,588 ",n/a,n/a,-,-,-
Boggabri Coal Minesite,NSW,BOGGABRI COAL PTY LIMITED,77 122 087 398," 202,244 ",Calculated baseline," 192,864 ",0,0,0," 192,864 ",n/a,n/a,-,-,-
Boyne Smelters Limited,QLD,RIO TINTO ALUMINIUM LIMITED,51 009 679 127," 859,075 ",Production-adjusted baseline," 908,776 ",0,0,"49,701"," 859,075 ",n/a,n/a,-,-,-
Brockman 2 / Nammuldi Mines,WA,HAMERSLEY IRON PTY. LIMITED,49 004 558 276," 321,494 ",Calculated baseline," 326,401 ",0,0,"4,907"," 321,494 ",n/a,n/a,-,-,-
Brockman 4 Mine,WA,HAMERSLEY IRON PTY. LIMITED,49 004 558 276," 395,901 ",Calculated baseline," 239,705 ",0,0,0," 239,705 ",n/a,n/a,-,-,-
Bulga Coal Complex,NSW,BULGA COAL MANAGEMENT PTY LIMITED,48 055 534 391," 707,250 ",Calculated baseline," 525,665 ",0,0,0," 525,665 ",n/a,n/a,-,-,-
Byerwen Mine,QLD,BYERWEN COAL PTY LTD,64 133 357 632," 456,929 ",Calculated baseline," 331,632 ",0,0,0," 331,632 ",n/a,n/a,-,-,-
CAN01,QLD,SOUTH32 CANNINGTON PROPRIETARY LIMITED,48 125 530 967," 132,240 ",Calculated baseline," 116,917 ",0,0,0," 116,917 ",n/a,n/a,-,-,-
Capcoal Mine,QLD,ANGLO COAL (CAPCOAL MANAGEMENT) PTY LIMITED,73 010 037 564," 4,544,066 ",Calculated baseline," 957,146 ",0,0,0," 957,146 ",n/a,n/a,-,-,-
Carborough Downs Coal Mine,QLD,FITZROY (CQ) PTY LTD,61 103 902 389, n/a ,Multi-year monitoring period," 989,978 ",0,0,0,n/a,n/a,n/a,-,-,-
Carmichael Coal Mine,QLD,ADANI MINING PTY LTD,27 145 455 205," 740,457 ",Calculated baseline," 423,006 ",0,0,0," 423,006 ",n/a,n/a,-,-,-
Carosue Dam Operations,WA,NORTHERN STAR (CAROSUE DAM) PTY LTD,14 116 649 122, n/a ,Multi-year monitoring period," 111,837 ",0,0,0,n/a,n/a,n/a,-,-,-
Caval Ridge Mine,QLD,BM ALLIANCE COAL OPERATIONS PTY LIMITED,67 096 412 752," 614,825 ",Production-adjusted baseline," 314,280 ",0,0,0," 314,280 ",n/a,n/a,-,-,-
CEM NSW Berrima,NSW,BORAL LIMITED,13 008 421 761," 1,075,006 ",Production-adjusted baseline," 979,872 ",0,0,0," 979,872 ",n/a,n/a,-,-,-
Chandala Processing Plant,WA,TIWEST PTY LTD,59 009 343 364," 188,085 ",Production-adjusted baseline," 187,005 ",0,0,0," 187,005 ",n/a,n/a,-,-,-
Christmas Creek Mine,WA,CHICHESTER METALS PTY LTD,83 109 264 262," 596,884 ",Calculated baseline," 374,494 ",0,0,0," 374,494 ",n/a,n/a,-,-,-
Clermont Coal Operations,QLD,CLERMONT COAL OPERATIONS PTY LIMITED,54 166 342 418," 437,255 ",Calculated baseline," 362,736 ",0,0,0," 362,736 ",n/a,n/a,-,-,-
Cloudbreak Mine,WA,CHICHESTER METALS PTY LTD,83 109 264 262," 405,681 ",Calculated baseline," 287,001 ",0,0,0," 287,001 ",n/a,n/a,-,-,-
Cockburn Operations,WA,ADBRI LIMITED,15 007 596 018," 771,015 ",Production-adjusted baseline," 724,378 ",0,0,0," 724,378 ",n/a,n/a,-,-,-
Collinsville Mine,QLD,NC COAL COMPANY PTY LIMITED,71 079 862 936," 144,171 ",Calculated baseline," 144,754 ",0,0,583," 144,171 ",n/a,n/a,-,-,-
Condabri Talinga Orana,QLD,ORIGIN ENERGY UPSTREAM OPERATOR PTY LTD,67 105 423 532," 712,032 ",Production-adjusted baseline," 267,689 ",0,0,0," 267,689 ",n/a,n/a,-,-,-
Coppabella Coal Mine,QLD,PEABODY ENERGY AUSTRALIA PCI (C&M MANAGEMENT) PTY LTD,65 077 890 932," 203,763 ",Calculated baseline," 197,262 ",0,0,0," 197,262 ",n/a,n/a,-,-,-
Cowal Operations,NSW,EVOLUTION MINING (COWAL) PTY LIMITED,75 007 857 598, n/a ,Multi-year monitoring period," 104,155 ",0,0,0,n/a,n/a,n/a,-,-,-
CSBP Kwinana Facility,WA,CSBP LIMITED,81 008 668 371," 940,409 ",Production-adjusted baseline," 685,081 ",0,0,0," 685,081 ",n/a,n/a,-,-,-
CTC WA Facility,WA,CENTURION TRANSPORT CO. PTY LTD,42 008 746 334," 125,199 ",Production-adjusted baseline," 108,915 ",0,0,0," 108,915 ",n/a,n/a,-,-,-
Curragh Mine,QLD,CORONADO AUSTRALIA HOLDINGS PTY LTD,23 623 524 989," 1,255,125 ",Calculated baseline," 1,142,690 ",0,0,0," 1,142,690 ",n/a,n/a,-,-,-
Curtis Island GLNG Plant,QLD,SANTOS LIMITED,80 007 550 923," 1,810,046 ",Production-adjusted baseline," 1,608,188 ",0,0,0," 1,608,188 ",n/a,n/a,-,-,-
Dandenong,VIC,OCEANIA GLASS PTY LTD,99 630 152 206," 123,348 ",Production-adjusted baseline," 111,060 ",0,0,0," 111,060 ",n/a,n/a,-,-,-
Darwin LNG Plant,NT,SANTOS LIMITED,80 007 550 923, n/a ,Multi-year monitoring period," 623,667 ",0,0,0,n/a," 3,455,534 "," 4,656,852 ",-,-,-
Daunia Mine,QLD,BM ALLIANCE COAL OPERATIONS PTY LIMITED,67 096 412 752," 310,899 ",Production-adjusted baseline," 208,116 ",0,0,0," 208,116 ",n/a,n/a,-,-,-
Dawson Mine,QLD,ANGLO COAL (DAWSON MANAGEMENT) PTY LTD,15 006 746 701," 743,995 ",Calculated baseline," 466,404 ",0,0,0," 466,404 ",n/a,n/a,-,-,-
DBNGP,WA,DBNGP (WA) TRANSMISSION PTY LIMITED,69 081 609 190, n/a ,Multi-year monitoring period," 267,178 ",0,0,0,n/a,n/a,n/a,-,-,-
DEN01,NSW,DENDROBIUM COAL PTY LTD,85 098 744 088," 386,274 ",Calculated baseline," 417,502 ",0,0,"31,228"," 386,274 ",n/a,n/a,-,-,-
Drake Mine,QLD,DRAKE MINE MANAGEMENT PTY LTD,30 612 261 453, n/a ,Multi-year monitoring period," 188,937 ",0,0,0,n/a,n/a,n/a,-,-,-
Duketon South Operations,WA,REGIS RESOURCES LIMITED,28 009 174 761," 186,157 ",Calculated baseline," 156,259 ",0,0,0," 156,259 ",n/a,n/a,-,-,-
Eliwana Mine,WA,FMG SOLOMON PTY LTD,95 128 959 179," 199,022 ",Calculated baseline," 173,475 ",0,0,0," 173,475 ",n/a,n/a,-,-,-
Ensham Resources Minesite,QLD,ENSHAM RESOURCES PTY. LIMITED,23 011 048 678, n/a ,Multi-year monitoring period," 242,922 ",0,0,0,n/a," 1,101,366 "," 1,177,524 ",-,-,-
Fairview,QLD,SANTOS LIMITED,80 007 550 923," 549,476 ",Production-adjusted baseline," 323,103 ",0,0,0," 323,103 ",n/a,n/a,-,-,-
Fimiston Operations,WA,KALGOORLIE CONSOLIDATED GOLD MINES PTY LTD,97 009 377 619," 242,659 ",Calculated baseline," 228,777 ",0,0,0," 228,777 ",n/a,n/a,-,-,-
Fisherman's Landing,QLD,CEMENT AUSTRALIA (QUEENSLAND) PTY LIMITED,70 009 658 520," 1,795,018 ",Calculated baseline," 1,526,628 ",0,0,0," 1,526,628 ",n/a,n/a,-,-,-
FLNG,WA,SHELL AUSTRALIA PTY LTD,14 009 663 576," 2,263,910 ",Calculated baseline," 2,188,611 ",0,0,0," 2,188,611 ",n/a,n/a,-,-,-
Foxleigh Mine,QLD,FOXLEIGH MANAGEMENT PTY LTD,27 089 726 492," 281,190 ",Calculated baseline," 225,985 ",0,0,0," 225,985 ",n/a,n/a,-,-,-
Geelong Refinery,VIC,VIVA ENERGY REFINING PTY LTD,46 004 303 842," 1,105,699 ",Production-adjusted baseline," 973,862 ",0,0,0," 973,862 ",n/a,n/a,-,-,-
GEM01,NT,GROOTE EYLANDT MINING COMPANY PROPRIETARY LIMITED,26 004 618 491," 201,843 ",Production-adjusted baseline," 196,713 ",0,0,0," 196,713 ",n/a,n/a,-,-,-
Gibson Island,QLD,INCITEC PIVOT LIMITED,42 004 080 264," 353,220 ",Production-adjusted baseline," 226,464 ",0,0,0," 226,464 ",n/a,n/a,-,-,-
Gippsland Basin facility,VIC,ESSO AUSTRALIA RESOURCES PTY LTD,62 091 829 819," 2,740,315 ",Production-adjusted baseline," 1,738,130 ",0,0,0," 1,738,130 ",n/a,n/a,-,-,-
Goldfields Gas Transmission Pipeline,WA,GOLDFIELDS GAS TRANSMISSION PTY LTD,87 004 273 241," 147,908 ",Calculated baseline," 128,908 ",0,0,0," 128,908 ",n/a,n/a,-,-,-
Goonyella Broadmeadow Mine,QLD,BM ALLIANCE COAL OPERATIONS PTY LIMITED,67 096 412 752," 1,736,739 ",Production-adjusted baseline," 1,311,407 ",0,0,0," 1,311,407 ",n/a,n/a,-,-,-
Gorgon Operations,WA,CHEVRON AUSTRALIA PTY LTD,29 086 197 757," 8,336,476 ",Production-adjusted baseline," 8,191,308 ",0,0,0," 8,191,308 ",n/a,n/a,-,-,-
Gove Operations,NT,RTA GOVE PTY LIMITED,76 000 453 663," 129,432 ",Production-adjusted baseline," 124,600 ","139,384","40,000","94,552"," 129,432 ",n/a,n/a,-,-,-
Granny Smith Mine Site,WA,GSM MINING COMPANY PTY LTD,42 165 235 030," 126,385 ",Calculated baseline," 126,441 ","2,030","2,030",56," 126,385 ",n/a,n/a,-,-,-
Grosvenor Mine,QLD,ANGLO COAL (MORANBAH NORTH MANAGEMENT) PTY LIMITED,14 069 603 587," 3,307,753 ",Calculated baseline," 972,605 ",0,0,0," 972,605 ",n/a,n/a,-,-,-
Gruyere Mine Site,WA,GRUYERE MINING COMPANY PTY LTD,11 615 729 005," 239,447 ",Production-adjusted baseline," 193,095 ",0,0,0," 193,095 ",n/a,n/a,-,-,-
Gudai-Darri Mine,WA,MOUNT BRUCE MINING PTY LTD,78 008 714 010," 187,880 ",Production-adjusted baseline," 121,340 ",0,0,0," 121,340 ",n/a,n/a,-,-,-
Hail Creek Mine,QLD,HAIL CREEK COAL PTY LTD,59 080 002 008," 587,896 ",Calculated baseline," 532,466 ",0,0,0," 532,466 ",n/a,n/a,-,-,-
Hope Downs 1 Mine,WA,HAMERSLEY HMS PTY LTD,51 115 004 129," 159,568 ",Production-adjusted baseline," 166,780 ",0,0,"7,212"," 159,568 ",n/a,n/a,-,-,-
Hope Downs 4 Mine,WA,HAMERSLEY HMS PTY LTD,51 115 004 129," 103,010 ",Production-adjusted baseline," 118,259 ",0,0,"15,249"," 103,010 ",n/a,n/a,-,-,-
Hunter Valley Operations mine,NSW,HV OPERATIONS PTY LTD,76 606 478 399," 633,681 ",Calculated baseline," 456,690 ",0,0,0," 456,690 ",n/a,n/a,-,-,-
HVY01 Hunter Valley Energy Coal - CCL Facility,NSW,HUNTER VALLEY ENERGY COAL PTY LTD,39 062 894 464, n/a ,Multi-year monitoring period," 528,632 ",0,0,"30,376",n/a," 1,548,180 "," 1,548,180 ",-,-,-
InfraBuild Steel Laverton Steel Mill,VIC,THE AUSTRALIAN STEEL COMPANY (OPERATIONS) PTY LTD,89 069 426 955," 125,904 ",Production-adjusted baseline," 117,023 ",0,0,0," 117,023 ",n/a,n/a,-,-,-
Integra Underground Mine,NSW,HV COKING COAL PTY LIMITED,45 605 492 804," 721,813 ",Calculated baseline," 265,194 ",0,0,0," 265,194 ",n/a,n/a,-,-,-
Isaac Plains Coal Mine,QLD,STANMORE IP COAL PTY LTD,79 606 244 615," 156,336 ",Production-adjusted baseline," 150,144 ",0,0,0," 150,144 ",n/a,n/a,-,-,-
Jax Mine,QLD,JAX COAL PTY LTD,89 133 499 500," 100,000 ",Production-adjusted baseline," 107,047 ",0,0,"7,047"," 100,000 ",n/a,n/a,-,-,-
Jellinbah Mine,QLD,JELLINBAH MINING PTY LTD,63 052 251 000," 256,527 ",Calculated baseline," 258,143 ",0,0,"1,616"," 256,527 ",n/a,n/a,-,-,-
JGN,NSW,JEMENA GAS NETWORKS (NSW) LTD,87 003 004 322," 483,824 ",Production-adjusted baseline," 292,825 ",0,0,0," 292,825 ",n/a,n/a,-,-,-
Jimblebar Mine,WA,BHP IRON ORE PTY LTD,46 008 700 981, n/a ,Multi-year monitoring period," 306,282 ",0,0,0,n/a," 612,255 "," 649,023 ",-,-,-
Jundee Gold Mine,WA,NORTHERN STAR RESOURCES LIMITED,43 092 832 892," 154,701 ",Production-adjusted baseline," 148,140 ",0,0,0," 148,140 ",n/a,n/a,-,-,-
Kemerton Silicon Smelter,WA,SIMCOA OPERATIONS PTY. LTD.,42 009 064 653," 100,000 ",Production-adjusted baseline," 122,178 ",0,0,"22,178"," 100,000 ",n/a,n/a,-,-,-
Kestrel Coal Pty Ltd,QLD,KESTREL COAL GROUP PTY LTD,70 624 655 518," 1,465,574 ",Production-adjusted baseline," 1,558,246 ",0,0,0," 1,558,246 ",n/a,n/a,-,-,-
King of the Hills,WA,GREENSTONE RESOURCES (WA) PTY LTD,58 100 341 599," 100,000 ",Default," 123,070 ",0,0,"23,070"," 100,000 ",n/a,n/a,-,-,-
Kooragang Island,NSW,ORICA AUSTRALIA PTY LTD,99 004 117 828," 1,140,746 ",Production-adjusted baseline," 948,229 ",0,0,0," 948,229 ",n/a,n/a,-,-,-
Kwinana Alumina Refinery,WA,ALCOA OF AUSTRALIA LIMITED,93 004 879 298," 1,134,344 ",Production-adjusted baseline," 1,100,095 ",0,0,0," 1,100,095 ",n/a,n/a,-,-,-
Kwinana Pigment Plant,WA,TRONOX MANAGEMENT PTY LTD,59 009 343 364," 266,667 ",Production-adjusted baseline," 275,411 ",0,0,"8,744"," 266,667 ",n/a,n/a,-,-,-
Lake Vermont Mine,QLD,THIESS PTY LTD,87 010 221 486," 394,117 ",Calculated baseline," 312,954 ",0,0,0," 312,954 ",n/a,n/a,-,-,-
Leinster Power Station,WA,TEC DESERT PTY LTD,47 084 695 661," 154,495 ",Calculated baseline," 135,634 ",0,0,0," 135,634 ",n/a,n/a,-,-,-
Liberty Bell Bay,TAS,LIBERTY BELL BAY PTY LTD,23 004 456 035," 393,363 ",Production-adjusted baseline," 334,929 ",0,0,0," 334,929 ",n/a,n/a,-,-,-
Liberty Primary Steel Whyalla Steelworks,SA,ONESTEEL MANUFACTURING PTY LIMITED,42 004 651 325," 2,041,611 ",Production-adjusted baseline," 1,946,607 ",0,0,0," 1,946,607 ",n/a,n/a,-,-,-
Liddell Coal Mine,NSW,LIDDELL COAL OPERATIONS PTY. LIMITED,40 058 857 882," 176,827 ",Calculated baseline," 166,197 ",0,0,0," 166,197 ",n/a,n/a,-,-,-
Mandalong Mine,NSW,CENTENNIAL MANDALONG PTY LIMITED,74 101 508 892," 1,443,304 ",Calculated baseline," 1,009,855 ",0,0,0," 1,009,855 ",n/a,n/a,-,-,-
Mangoola,NSW,MANGOOLA COAL OPERATIONS PTY LIMITED,54 127 535 755," 122,507 ",Calculated baseline," 117,312 ",0,0,0," 117,312 ",n/a,n/a,-,-,-
Marandoo Mine,WA,HAMERSLEY IRON PTY. LIMITED,49 004 558 276," 214,614 ",Calculated baseline," 155,933 ",0,0,0," 155,933 ",n/a,n/a,-,-,-
Maules Creek Open Cut Mine,NSW,MAULES CREEK COAL PTY LTD,70 140 533 875," 367,513 ",Calculated baseline," 258,093 ",0,0,0," 258,093 ",n/a,n/a,-,-,-
McArthur River Mine Operations,NT,MCARTHUR RIVER MINING PTY. LTD.,90 008 167 815, n/a ,Multi-year monitoring period," 111,754 ",0,0,0,n/a,n/a,n/a,-,-,-
McArthur River Power Station,NT,EDL NGD (NT) PTY LTD,28 065 496 577," 149,669 ",Production-adjusted baseline," 141,369 ",0,0,0," 141,369 ",n/a,n/a,-,-,-
Mesa A Mine,WA,ROBE RIVER MINING CO. PTY. LTD.,71 008 694 246, n/a ,Multi-year monitoring period," 64,978 ",0,0,0,n/a," 267,636 "," 300,000 ",-,-,-
Metropolitan Colliery,NSW,METROPOLITAN COLLIERIES PTY. LTD.,91 003 135 635," 718,746 ",Production-adjusted baseline," 686,890 ",0,0,0," 686,890 ",n/a,n/a,-,-,-
Middlemount Coal Mine,QLD,MIDDLEMOUNT COAL PTY LTD,49 122 348 412," 268,480 ",Calculated baseline," 212,326 ",0,0,0," 212,326 ",n/a,n/a,-,-,-
Millicent Mill,SA,KIMBERLY-CLARK AUSTRALIA PTY. LIMITED,65 000 032 333," 121,846 ",Calculated baseline," 105,104 ",0,0,0," 105,104 ",n/a,n/a,-,-,-
Mobil Altona Refinery,VIC,MOBIL REFINING AUSTRALIA PTY. LTD.,48 004 300 163, n/a ,Multi-year monitoring period, 480 ,0,0,0,n/a,n/a,n/a,-,-,-
Moolarben Coal Mine (Open Cut & Underground),NSW,MOOLARBEN COAL OPERATIONS PTY LTD,59 077 939 569," 361,814 ",Calculated baseline," 215,489 ",0,0,0," 215,489 ",n/a,n/a,-,-,-
Moomba Plant,SA,SANTOS LIMITED,80 007 550 923," 2,174,932 ",Production-adjusted baseline," 2,138,918 ",0,0,0," 2,138,918 ",n/a,n/a,-,-,-
Moorvale Coal Mine,QLD,PEABODY ENERGY AUSTRALIA PCI (C&M MANAGEMENT) PTY LTD,65 077 890 932," 239,233 ",Calculated baseline," 173,170 ",0,0,0," 173,170 ",n/a,n/a,-,-,-
Moranbah,QLD,INCITEC PIVOT LIMITED,42 004 080 264," 597,660 ",Production-adjusted baseline," 597,521 ","15,621",0,"15,482"," 597,660 ",n/a,n/a,-,-,-
Moranbah North Mine,QLD,ANGLO COAL (MORANBAH NORTH MANAGEMENT) PTY LIMITED,14 069 603 587," 4,533,701 ",Calculated baseline," 2,272,445 ",0,0,0," 2,272,445 ",n/a,n/a,-,-,-
Mount Isa Mines Copper and Zinc Operations,QLD,MOUNT ISA MINES LIMITED,87 009 661 447," 610,598 ",Calculated baseline," 349,890 ",0,0,0," 349,890 ",n/a,n/a,-,-,-
Mount Pleasant Operations,NSW,MACH ENERGY AUSTRALIA PTY LTD,34 608 495 441," 838,069 ",Production-adjusted baseline," 816,771 ",0,0,0," 816,771 ",n/a,n/a,-,-,-
Mt Keith Power Station,WA,TEC DESERT PTY LTD,47 084 695 661, n/a ,Multi-year monitoring period," 165,136 ",0,0,0,n/a,n/a,n/a,-,-,-
Mt Marion Lithium Project,WA,REED INDUSTRIAL MINERALS PTY LTD,67 138 805 722," 100,000 ",Default," 102,697 ",0,0,"2,697"," 100,000 ",n/a,n/a,-,-,-
Mt Owen Glendell Complex,NSW,MT OWEN PTY LIMITED,83 003 827 361," 286,172 ",Calculated baseline," 263,395 ",0,0,0," 263,395 ",n/a,n/a,-,-,-
Multinet Principal Distribution Network and South Gippsland Pipeline,VIC,MULTINET GAS (DB NO. 2) PTY LTD,57 086 230 122," 314,458 ",Production-adjusted baseline," 182,383 ",0,0,0," 182,383 ",n/a,n/a,-,-,-
Murrin Murrin Operations,WA,MURRIN MURRIN OPERATIONS PTY LTD,43 076 717 505," 617,082 ",Calculated baseline," 497,697 ",0,0,0," 497,697 ",n/a,n/a,-,-,-
Myuna Colliery,NSW,CENTENNIAL MYUNA PTY LIMITED,95 101 508 981," 274,670 ",Production-adjusted baseline," 253,461 ",0,0,0," 253,461 ",n/a,n/a,-,-,-
Narrabri Underground Mine,NSW,NARRABRI COAL OPERATIONS PTY LTD,15 129 850 139," 1,116,113 ",Calculated baseline," 786,802 ",0,0,0," 786,802 ",n/a,n/a,-,-,-
Newlands Coal Complex including Newlands Northern UG,QLD,NC COAL COMPANY PTY LIMITED,71 079 862 936," 454,339 ",Calculated baseline," 197,100 ",0,0,0," 197,100 ",n/a,n/a,-,-,-
Newman Operations,WA,BHP IRON ORE PTY LTD,46 008 700 981," 379,460 ",Calculated baseline," 294,760 ",0,0,0," 294,760 ",n/a,n/a,-,-,-
Newman Power Station,WA,ALINTA ENERGY TRANSMISSION (ROY HILL) PTY LTD,81 159 279 857," 419,029 ",Production-adjusted baseline," 379,196 ",0,0,0," 379,196 ",n/a,n/a,-,-,-
Newmont Boddington Gold Operation,WA,NEWMONT BODDINGTON PTY LTD,32 062 936 547," 319,576 ",Production-adjusted baseline," 218,213 ",0,0,0," 218,213 ",n/a,n/a,-,-,-
Newmont Tanami Operation,NT,NEWMONT TANAMI PTY LTD,39 007 688 093," 180,739 ",Production-adjusted baseline," 194,013 ",0,0,"13,274"," 180,739 ",n/a,n/a,-,-,-
Ningaloo Vision FPSO,WA,SANTOS LIMITED,80 007 550 923," 546,091 ",Calculated baseline," 329,922 ",0,0,0," 329,922 ",n/a,n/a,-,-,-
NKS01 Nickel West Kalgoorlie Facility,WA,BHP NICKEL WEST PTY LTD,76 004 184 598," 146,285 ",Production-adjusted baseline," 146,936 ",0,0,651," 146,285 ",n/a,n/a,-,-,-
NKW01 Nickel West Kwinana Facility,WA,BHP NICKEL WEST PTY LTD,76 004 184 598, n/a ,Multi-year monitoring period," 166,425 ",0,0,0,n/a,n/a,n/a,-,-,-
NMK01 Nickel West Mt Keith Facility,WA,BHP NICKEL WEST PTY LTD,76 004 184 598," 209,693 ",Calculated baseline," 191,852 ",0,0,0," 191,852 ",n/a,n/a,-,-,-
Norske Skog Boyer Mill,TAS,NORSKE SKOG PAPER MILLS (AUSTRALIA) LIMITED,84 009 477 132," 183,056 ",Calculated baseline," 172,392 ","15,938",0,"5,274"," 183,056 ",n/a,n/a,-,-,-
North Goonyella Coal Mine,QLD,PEABODY (BOWEN) PTY LTD,50 010 879 526," 225,651 ",Calculated baseline," 224,735 ",0,0,0," 224,735 ",n/a,n/a,-,-,-
North West Shelf Project,WA,WOODSIDE ENERGY LTD.,63 005 482 986, n/a ,Multi-year monitoring period," 6,935,647 ",0,0,"6,254",n/a," 20,131,651 "," 20,131,651 ",-,-,-
Nowra Plant,NSW,SHOALHAVEN STARCHES PTY LTD,94 000 045 045," 461,274 ",Production-adjusted baseline," 363,674 ",0,0,0," 363,674 ",n/a,n/a,-,-,-
Nyrstar Port Pirie Facility,SA,NYRSTAR PORT PIRIE PTY LTD,31 008 046 428," 547,081 ",Calculated baseline," 359,490 ",0,0,0," 359,490 ",n/a,n/a,-,-,-
Oaky Creek Coal Complex,QLD,OAKY CREEK HOLDINGS PTY LIMITED,31 128 109 062," 988,314 ",Production-adjusted baseline," 756,649 ",0,0,0," 756,649 ",n/a,n/a,-,-,-
ODS01 Olympic Dam – UOD Facility,SA,BHP OLYMPIC DAM CORPORATION PTY LTD,99 007 835 761," 241,243 ",Production-adjusted baseline," 218,485 ",0,0,0," 218,485 ",n/a,n/a,-,-,-
Opal Australian Paper Maryvale Mill,VIC,PAPER AUSTRALIA PTY LTD,63 061 583 533," 350,280 ",Production-adjusted baseline," 297,647 ",0,0,0," 297,647 ",n/a,n/a,-,-,-
Orora Glass Plant Gawler,SA,ORORA LIMITED,55 004 275 165," 226,181 ",Production-adjusted baseline," 211,671 ",0,0,0," 211,671 ",n/a,n/a,-,-,-
Otway,VIC,BEACH ENERGY (OPERATIONS) LIMITED,66 007 845 338," 200,355 ",Calculated baseline," 134,089 ",0,0,0," 134,089 ",n/a,n/a,-,-,-
Pacific National National Transport Facility,National,PACIFIC NATIONAL PTY LTD,39 098 060 550, n/a ,Multi-year monitoring period," 810,695 ","10,514","10,514",0,n/a,n/a,n/a,-,-,-
Paraburdoo Mine,WA,HAMERSLEY IRON PTY. LIMITED,49 004 558 276," 100,000 ",Production-adjusted baseline," 129,483 ",0,0,"29,483"," 100,000 ",n/a,n/a,-,-,-
Parkhurst Magnesia Manufacturing Plant,QLD,QMAG PTY LIMITED,68 111 279 906," 256,419 ",Production-adjusted baseline," 252,207 ",0,0,0," 252,207 ",n/a,n/a,-,-,-
Peak Downs Mine,QLD,BM ALLIANCE COAL OPERATIONS PTY LIMITED,67 096 412 752," 473,498 ",Production-adjusted baseline," 477,021 ",0,0,"3,523"," 473,498 ",n/a,n/a,-,-,-
Phosphate Hill,QLD,INCITEC PIVOT LIMITED,42 004 080 264," 512,235 ",Production-adjusted baseline," 509,491 ",0,0,0," 509,491 ",n/a,n/a,-,-,-
Pilbara Rail Operations,WA,PILBARA IRON PTY LTD,75 107 216 535," 681,246 ",Production-adjusted baseline," 662,419 ",0,0,0," 662,419 ",n/a,n/a,-,-,-
Pilgangoora Operations,WA,PILBARA MINERALS LIMITED,95 112 425 788," 100,000 ",Default," 101,560 ",0,0,"1,560"," 100,000 ",n/a,n/a,-,-,-
Pinjarra Alumina Refinery,WA,ALCOA OF AUSTRALIA LIMITED,93 004 879 298," 2,798,215 ",Production-adjusted baseline," 1,437,765 ",0,0,0," 1,437,765 ",n/a,n/a,-,-,-
Pluto LNG,WA,WOODSIDE BURRUP PTY. LTD.,20 120 237 416, n/a ,Multi-year monitoring period," 1,839,910 ",0,0,0,n/a," 5,731,271 "," 6,188,809 ",-,-,-
Poitrel Mine,QLD,STANMORE RESOURCES LIMITED,27 131 920 968," 216,365 ",Production-adjusted baseline," 283,973 ",0,0,"67,608"," 216,365 ",n/a,n/a,-,-,-
Port Kembla Steelworks,NSW,BLUESCOPE STEEL (AIS) PTY. LTD.,19 000 019 625," 6,875,761 ",Production-adjusted baseline," 6,138,128 ",0,0,0," 6,138,128 ",n/a,n/a,-,-,-
Port Latta Pelletising Plant,TAS,GRANGE RESOURCES (TASMANIA) PTY LTD,30 073 634 581," 125,949 ",Production-adjusted baseline," 123,076 ",0,0,0," 123,076 ",n/a,n/a,-,-,-
Portland Aluminium Smelter,VIC,ALCOA PORTLAND ALUMINIUM PROPRIETARY LIMITED,80 006 306 752," 575,641 ",Production-adjusted baseline," 636,453 ",0,0,"60,812"," 575,641 ",n/a,n/a,-,-,-
Premier Coal Mine (Open Cut),WA,PREMIER COAL LTD,21 008 672 599," 100,000 ",Default," 108,551 ",0,0,"8,551"," 100,000 ",n/a,n/a,-,-,-
PRL03 Rail - IOR Facility,WA,BHP IRON ORE PTY LTD,46 008 700 981," 589,216 ",Production-adjusted baseline," 566,312 ",0,0,0," 566,312 ",n/a,n/a,-,-,-
Qantas Airways Limited National Transport Facility,National,QANTAS AIRWAYS LIMITED,16 009 661 901," 5,285,611 ",Calculated baseline," 4,385,686 ",0,0,0," 4,385,686 ",n/a,n/a,-,-,-
Qenos Altona Manufacturing,VIC,QENOS PTY LTD,62 054 196 771," 218,590 ",Production-adjusted baseline," 212,923 ",0,0,0," 212,923 ",n/a,n/a,-,-,-
Qenos Botany Manufacturing,NSW,QENOS PTY LTD,62 054 196 771," 551,253 ",Calculated baseline," 348,554 ",0,0,0," 348,554 ",n/a,n/a,-,-,-
QGC Upstream,QLD,QGC PTY LIMITED,11 089 642 553," 1,186,518 ",Production-adjusted baseline," 863,094 ",0,0,0," 863,094 ",n/a,n/a,-,-,-
Queensland,QLD,ALLIANCE AVIATION SERVICES LIMITED,96 153 361 525, n/a ,Multi-year monitoring period," 77,879 ",0,0,0,n/a," 260,461 "," 300,000 ",-,-,-
Queensland Alumina Limited Refinery,QLD,QUEENSLAND ALUMINA LIMITED,98 009 725 044," 2,915,797 ",Production-adjusted baseline," 3,059,545 ",0,0,"143,748"," 2,915,797 ",n/a,n/a,-,-,-
Queensland Curtis LNG Plant,QLD,QCLNG OPERATING COMPANY PTY LTD,19 138 872 385," 1,699,600 ",Production-adjusted baseline," 1,673,378 ",0,0,0," 1,673,378 ",n/a,n/a,-,-,-
Queensland Nitrates Ammonium Nitrate Plant,QLD,QUEENSLAND NITRATES PTY LTD,63 079 889 268," 271,190 ",Calculated baseline," 150,701 ",0,0,0," 150,701 ",n/a,n/a,-,-,-
Rail,WA,THE PILBARA INFRASTRUCTURE PTY LTD,52 103 096 340," 312,095 ",Production-adjusted baseline," 259,172 ",0,0,0," 259,172 ",n/a,n/a,-,-,-
Railton,TAS,CEMENT AUSTRALIA (GOLIATH) PTY LIMITED,33 009 476 546," 1,118,359 ",Calculated baseline," 1,056,965 ",0,0,0," 1,056,965 ",n/a,n/a,-,-,-
Ravensthorpe Nickel Operation,WA,FQM AUSTRALIA NICKEL PTY LTD,92 135 761 465," 324,093 ",Calculated baseline," 232,848 ",0,0,0," 232,848 ",n/a,n/a,-,-,-
Ravenswood Mine,QLD,RAVENSWOOD GOLD PTY LTD,88 637 527 309," 136,931 ",Production-adjusted baseline," 117,387 ",0,0,0," 117,387 ",n/a,n/a,-,-,-
Ravensworth Operations,NSW,RAVENSWORTH OPERATIONS PTY LIMITED,12 098 937 761," 345,281 ",Calculated baseline," 327,434 ",0,0,0," 327,434 ",n/a,n/a,-,-,-
Refinery Qld Lytton,QLD,AMPOL LIMITED,40 004 201 307," 856,595 ",Production-adjusted baseline," 673,186 ",0,0,0," 673,186 ",n/a,n/a,-,-,-
Rio Tinto Marine - Qld,QLD,RIO TINTO SHIPPING (ASIA) PTE LIMITED,71 242 047 864," 144,297 ",Calculated baseline," 111,314 ",0,0,0," 111,314 ",n/a,n/a,-,-,-
Rio Tinto Weipa,QLD,RTA WEIPA PTY LTD,54 137 266 285," 263,451 ",Production-adjusted baseline," 257,444 ",0,0,0," 257,444 ",n/a,n/a,-,-,-
Rio Tinto Yarwun,QLD,RTA YARWUN PTY LTD,73 137 266 301," 2,201,946 ",Production-adjusted baseline," 2,200,584 ",0,0,0," 2,200,584 ",n/a,n/a,-,-,-
Rolleston Coal Mine,QLD,ROLLESTON COAL HOLDINGS PTY LIMITED,69 098 156 702," 163,725 ",Calculated baseline," 178,578 ",0,0,"14,853"," 163,725 ",n/a,n/a,-,-,-
Roma Hub,QLD,SANTOS LIMITED,80 007 550 923," 247,785 ",Production-adjusted baseline," 166,879 ",0,0,0," 166,879 ",n/a,n/a,-,-,-
Roy Hill Mine,WA,ROY HILL HOLDINGS PTY LTD,71 123 721 077," 535,965 ",Calculated baseline," 562,306 ",0,0,"26,342"," 535,964 ",n/a,n/a,-,-,-
Russell Vale Colliery,NSW,WOLLONGONG RESOURCES PTY. LTD.,28 111 244 896," 1,115,025 ",Calculated baseline," 272,086 ",0,0,0," 272,086 ",n/a,n/a,-,-,-
Saraji Mine,QLD,BM ALLIANCE COAL OPERATIONS PTY LIMITED,67 096 412 752, n/a ,Multi-year monitoring period," 357,472 ",0,0,"12,803",n/a," 1,138,944 "," 1,138,944 ",-,-,-
Savage River Mine,TAS,GRANGE RESOURCES (TASMANIA) PTY LTD,30 073 634 581," 124,395 ",Calculated baseline," 110,660 ",0,0,0," 110,660 ",n/a,n/a,-,-,-
Sewerage West,VIC,MELBOURNE WATER CORPORATION,81 945 386 953," 168,625 ",Calculated baseline," 164,045 ",0,0,0," 164,045 ",n/a,n/a,-,-,-
SIMEC Mining - Middleback Range Iron Ore Mine (Whyalla),SA,ONESTEEL MANUFACTURING PTY LIMITED,42 004 651 325," 100,000 ",Default," 117,919 ",0,0,"17,919"," 100,000 ",n/a,n/a,-,-,-
Sino Iron Project – Cape Preston,WA,CITIC PACIFIC MINING MANAGEMENT PTY LTD,64 119 578 371," 1,572,924 ",Production-adjusted baseline," 1,229,931 ",0,0,0," 1,229,931 ",n/a,n/a,-,-,-
Sojitz Gregory Crinum Mine,QLD,SOJITZ DEVELOPMENT PTY LTD,34 063 050 680, n/a ,Multi-year monitoring period," 109,652 ",0,0,0,n/a,n/a,n/a,-,-,-
Solomon Mine,WA,FMG SOLOMON PTY LTD,95 128 959 179," 462,288 ",Production-adjusted baseline," 448,524 ",0,0,"8,411"," 440,113 ",n/a,n/a,-,-,-
Solomon Power Station,WA,FMG SOLOMON PTY LTD,95 128 959 179," 206,495 ",Production-adjusted baseline," 206,715 ",0,0,220," 206,495 ",n/a,n/a,-,-,-
South Walker Creek,QLD,STANMORE RESOURCES LIMITED,27 131 920 968, n/a ,Multi-year monitoring period," 363,688 ",0,0,0,n/a,n/a,n/a,-,-,-
South West Queensland Pipeline,QLD; SA,APA (SWQP) PTY LIMITED,67 066 656 219," 176,381 ",Calculated baseline," 126,026 ",0,0,0," 126,026 ",n/a,n/a,-,-,-
South West Synthetic Rutile Operations,WA,ILUKA RESOURCES LIMITED,34 008 675 018," 346,104 ",Production-adjusted baseline," 357,996 ",0,0,"11,892"," 346,104 ",n/a,n/a,-,-,-
Spring Gully Reedy Creek Combabula,QLD,ORIGIN ENERGY UPSTREAM OPERATOR PTY LTD,67 105 423 532," 988,214 ",Production-adjusted baseline," 304,522 ",0,0,0," 304,522 ",n/a,n/a,-,-,-
Start up and Operations of the Ichthys LNG Project,NT,INPEX OPERATIONS AUSTRALIA PTY LTD,48 150 217 262," 7,067,789 ",Calculated baseline," 5,840,868 ",0,0,0," 5,840,868 ",n/a,n/a,-,-,-
Sunrise Dam,WA,ANGLOGOLD ASHANTI AUSTRALIA LIMITED,42 008 737 424," 161,730 ",Production-adjusted baseline," 169,125 ",0,0,"7,395"," 161,730 ",n/a,n/a,-,-,-
TAHMOOR COAL MINE,NSW,TAHMOOR COAL PTY LTD,97 076 663 968," 2,008,287 ",Calculated baseline," 992,938 ",0,0,0," 992,938 ",n/a,n/a,-,-,-
Telfer Gold Mine,WA,NEWCREST MINING LIMITED,20 005 683 625," 626,808 ",Calculated baseline," 448,761 ",0,0,0," 448,761 ",n/a,n/a,-,-,-
Thunderbox Operations,WA,NORTHERN STAR (THUNDERBOX) PTY LTD,15 107 154 727," 213,075 ",Calculated baseline," 160,145 ",0,0,0," 160,145 ",n/a,n/a,-,-,-
Tom Price Mine / WTS,WA,HAMERSLEY IRON PTY. LIMITED,49 004 558 276," 138,707 ",Production-adjusted baseline," 188,503 ",0,0,"49,796"," 138,707 ",n/a,n/a,-,-,-
Tomago Aluminium Smelter,NSW,TOMAGO ALUMINIUM COMPANY PTY LTD,68 001 862 228," 1,230,271 ",Production-adjusted baseline," 1,177,432 ",0,0,0," 1,177,432 ",n/a,n/a,-,-,-
Tropicana Gold Mine,WA,ANGLOGOLD ASHANTI AUSTRALIA LIMITED,42 008 737 424," 352,345 ",Production-adjusted baseline," 316,050 ",0,0,0," 316,050 ",n/a,n/a,-,-,-
TT-Line - Victorian Operation,VIC,TT-LINE COMPANY PTY. LTD.,39 061 996 174," 161,416 ",Calculated baseline," 162,096 ",0,0,680," 161,416 ",n/a,n/a,-,-,-
United Coal Mine,NSW,UNITED COLLIERIES PTY LTD,67 001 990 209," 330,425 ",Calculated baseline," 291,241 ",0,0,0," 291,241 ",n/a,n/a,-,-,-
V/Line,VIC,V/LINE CORPORATION,91 273 289 190," 140,686 ",Calculated baseline," 126,017 ",0,0,0," 126,017 ",n/a,n/a,-,-,-
Varanus Hub,WA,SANTOS LIMITED,80 007 550 923," 463,700 ",Calculated baseline," 256,543 ",0,0,0," 256,543 ",n/a,n/a,-,-,-
Vincent Project Venture,WA,WOODSIDE ENERGY LTD.,63 005 482 986, n/a ,Multi-year monitoring period," 234,485 ",0,0,0,n/a," 944,149 "," 1,041,774 ",-,-,Please refer to the Multi-year monitoring period reported emissions data table for more information.
Virgin Australia Holdings National Transport Facility,National,VIRGIN AUSTRALIA HOLDINGS LIMITED,54 100 686 226," 2,397,885 ",Calculated baseline," 2,032,585 ",0,0,0," 2,032,585 ",n/a,n/a,-,-,-
Wagerup Alumina Refinery,WA,ALCOA OF AUSTRALIA LIMITED,93 004 879 298," 1,724,761 ",Production-adjusted baseline," 1,289,067 ",0,0,0," 1,289,067 ",n/a,n/a,-,-,-
Wambo Coal Mine,NSW,WAMBO COAL PTY LIMITED,13 000 668 057, n/a ,Multi-year monitoring period," 207,015 ",0,0,0,n/a," 846,579 "," 935,976 ",-,-,Please refer to the Multi-year monitoring period reported emissions data table for more information.
Warkworth Mine,NSW,WARKWORTH MINING LTD,42 001 385 842," 1,018,733 ",Calculated baseline," 842,536 ",0,0,0," 842,536 ",n/a,n/a,-,-,-
West Angelas Mine,WA,ROBE RIVER MINING CO. PTY. LTD.,71 008 694 246," 331,789 ",Calculated baseline," 292,917 ",0,0,0," 292,917 ",n/a,n/a,-,-,-
Western Australia,WA,ALLIANCE AVIATION SERVICES LIMITED,96 153 361 525, n/a ,Multi-year monitoring period," 102,252 ",0,0,"10,273",n/a," 300,000 "," 300,000 ",-,-,Please refer to the Multi-year monitoring period reported emissions data table for more information.
Western Port Works,VIC,BLUESCOPE STEEL LIMITED,16 000 011 058," 121,212 ",Production-adjusted baseline," 106,289 ",0,0,0," 106,289 ",n/a,n/a,-,-,-
Wheatstone Operations,WA,CHEVRON AUSTRALIA PTY LTD,29 086 197 757," 4,343,119 ",Calculated baseline," 3,789,472 ",0,0,0," 3,789,472 ",n/a,n/a,-,-,-
Wilpinjong Coal Mine,NSW,WILPINJONG COAL PTY LTD,87 104 594 694," 208,562 ",Calculated baseline," 154,987 ",0,0,0," 154,987 ",n/a,n/a,-,-,-
Wodgina Operations,WA,MARBL LITHIUM OPERATIONS PTY LTD,52 637 077 608," 100,000 ",Default," 111,027 ",0,0,"11,027"," 100,000 ",n/a,n/a,-,-,-
WOR01,WA,SOUTH32 WORSLEY ALUMINA PTY LTD,58 008 905 155," 3,492,670 ",Production-adjusted baseline," 3,453,837 ",0,0,0," 3,453,837 ",n/a,n/a,-,-,-
YAN01 Yandi/Marillana Creek Mine - MNG Facility,WA,BHP IRON ORE PTY LTD,46 008 700 981," 112,093 ",Production-adjusted baseline," 111,995 ",0,0,0," 111,995 ",n/a,n/a,-,-,-
Yandicoogina Mine,WA,HAMERSLEY IRON - YANDI PTY LIMITED,56 009 181 793," 258,329 ",Production-adjusted baseline," 173,685 ",0,0,0," 173,685 ",n/a,n/a,-,-,-
Yarnima Power Station,WA,BHP IRON ORE PTY LTD,46 008 700 981," 421,548 ",Production-adjusted baseline," 336,179 ",0,0,0," 336,179 ",n/a,n/a,-,-,-
Yarrabee Coal Mine (Open Cut),QLD,YARRABEE COAL COMPANY PTY. LTD.,30 010 849 402," 190,339 ",Calculated baseline," 164,091 ",0,0,0," 164,091 ",n/a,n/a,-,-,-
Yarwun Nitrates,QLD,ORICA AUSTRALIA PTY LTD,99 004 117 828," 343,615 ",Production-adjusted baseline," 384,417 ",0,0,"60,000"," 324,417 ",n/a,n/a,-,-,-
YPF AMMONIA PLANT,WA,YARA PILBARA FERTILISERS PTY LTD,74 095 441 151," 1,512,283 ",Calculated baseline," 1,503,171 ",0,0,0," 1,503,171 ",n/a,n/a,-,-,-
