Facility name,State of operation,Responsible emitter,Responsible emitter ABN/ACN,Baseline number,Type of baseline,Reported covered Emissions,ACCUs issued,ACCUs deemed surrender,ACCUs surrendered,Net emissions number,MYMP net emissions number, MYMP baseline number ,Excess emissions situation start date (if applicable),Excess emissions situation end date (if applicable),Notes,
1. Solid Waste Services - MRL,VIC,Cleanaway Waste Management Limited,74101155220,"222,121",Landfill baseline,"101,761","389,477","380,251",0,"110,987",n/a,n/a, - , - ,The facility's net emissions number for 2021-22 was adjusted to include ACCUs issued in relation to an Emissions Reduction Fund project at the facility.,
Angaston Operations,SA,ADBRI LIMITED,15007596018,"103,285",Production-adjusted baseline,"114,588",0,0,"11,303","103,285",n/a,n/a, - , - ,-,
APLNG Facility,QLD,CONOCOPHILLIPS AUSTRALIA OPERATIONS PTY LTD,28141253787,"2,381,120",Production-adjusted baseline,"2,132,240",0,0,0,"2,132,240",n/a,n/a, - , - ,-,
APN01 Appin Colliery - ICH Facility,NSW,ENDEAVOUR COAL PTY LIMITED,38099830476,"2,470,574",Production-adjusted baseline,"1,589,755",0,0,0,"1,589,755",n/a,n/a, - , - ,-,
APU01 Pyrenees - AOA Facility,WA,WOODSIDE ENERGY GLOBAL PTY LTD,97006918832,"388,666",Production-adjusted baseline,"181,810",0,0,0,"181,810",n/a,n/a, - , - ,-,
ARC01 Mining Area C - MNG Facility,WA,BHP IRON ORE PTY LTD,46008700981,"763,972",Production-adjusted baseline,"412,089",0,0,0,"412,089",n/a,n/a, - , - ,-,
Ashton Coal Mine (Underground),NSW,ASHTON COAL OPERATIONS PTY LIMITED,22078556500,"871,793",Calculated baseline,"596,235",0,0,0,"596,235",n/a,n/a, - , - ,-,
ATCO Gas Australia Pty Ltd,WA,ATCO Gas Australia GP Pty Ltd,76151245779,"187,220",Production-adjusted baseline,"103,813",0,0,0,"103,813",n/a,n/a, - , - ,-,
Aurizon Rail Freight NSW,NSW,AURIZON OPERATIONS LIMITED,47564947264,"151,367",Production-adjusted baseline,"120,406",0,0,0,"120,406",n/a,n/a, - , - ,-,
Aurizon Rail Freight QLD,QLD,AURIZON OPERATIONS LIMITED,47564947264,"263,233",Production-adjusted baseline,"223,097",0,0,0,"223,097",n/a,n/a, - , - ,-,
Aurizon Rail Freight WA,WA,AURIZON OPERATIONS LIMITED,47564947264,"156,679",Production-adjusted baseline,"141,227",0,0,0,"141,227",n/a,n/a, - , - ,-,
AusNet Gas Services Pty Ltd,VIC,AusNet Services Holdings Pty Ltd,97086006859,"220,372",Production-adjusted baseline,"185,931",0,0,0,"185,931",n/a,n/a, - , - ,-,
Australian Gas Networks (SA) Ltd,SA,Australian Gas Networks Limited,19078551685,"120,932",Production-adjusted baseline,"107,063",0,0,0,"107,063",n/a,n/a, - , - ,-,
Australian Gas Networks (Vic) Pty Ltd,VIC,Australian Gas Networks Limited,19078551685,"301,675",Production-adjusted baseline,"158,211",0,0,0,"158,211",n/a,n/a, - , - ,-,
Ballera,QLD,Santos Limited,80007550923,"200,749",Calculated baseline,"172,435",0,0,0,"172,435",n/a,n/a, - , - ,-,
Baralaba Coal Mine,QLD,BARALABA COAL COMPANY PTY LTD ,42096909634,n/a,Multi-year monitoring period,"110,125",0,0,0,n/a,n/a,n/a, - , - ,Please refer to the Multi-year monitoring period reported emissions data table for more information.,
Batchfire Resources No.1,QLD,BATCHFIRE RESOURCES PTY LTD,84607340189,"241,186",Calculated baseline,"188,124",0,0,0,"188,124",n/a,n/a, - , - ,-,
Bell Bay Smelter,TAS,RIO TINTO ALUMINIUM (BELL BAY) LIMITED,91009483201,"370,510",Calculated baseline,"357,496",0,0,0,"357,496",n/a,n/a, - , - ,-,
Bengalla Operations,NSW,Bengalla Mining Company Pty Limited,32053909470,"730,869",Production-adjusted baseline,"725,774",0,0,0,"725,774",n/a,n/a, - , - ,-,
Birkenhead Operations,SA,ADBRI LIMITED,15007596018,"1,106,181",Production-adjusted baseline,"829,478","24,786",0,0,"854,264",n/a,n/a, - , - ,The facility's net emissions number for 2021-22 was adjusted to include ACCUs issued in relation to an Emissions Reduction Fund project at the facility.,
Blackwater Mine,QLD,BM Alliance Coal Operations Pty Limited,67096412752,"733,663",Calculated baseline,"643,597",0,0,0,"643,597",n/a,n/a, - , - ,-,
Boggabri Coal Minesite,NSW,BOGGABRI COAL PTY LIMITED,77122087398,"202,244",Calculated baseline,"177,437",0,0,0,"177,437",n/a,n/a, - , - ,-,
Boyne Smelters Limited,QLD,RIO TINTO ALUMINIUM LIMITED,51009679127,"918,989",Calculated baseline,"895,814",0,0,0,"895,814",n/a,n/a, - , - ,-,
Brockman 2 / Nammuldi Mines,WA,Hamersley Iron Pty. Limited,49004558276,"321,494",Calculated baseline,"326,461",0,0,"4,967","321,494",n/a,n/a, - , - ,-,
Brockman 4 Mine,WA,Hamersley Iron Pty. Limited,49004558276,"395,901",Calculated baseline,"208,674",0,0,0,"208,674",n/a,n/a, - , - ,-,
Bulga Coal Complex,NSW,BULGA COAL MANAGEMENT PTY LIMITED,48055534391,"707,250",Calculated baseline,"474,479",0,0,0,"474,479",n/a,n/a, - , - ,-,
Byerwen  Mine,QLD,BYERWEN COAL PTY LTD,64133357632,"456,929",Calculated baseline,"338,093",0,0,0,"338,093",n/a,n/a, - , - ,-,
CAN01,QLD,South32 Cannington Proprietary Limited,48125530967,"132,240",Calculated baseline,"117,901",0,0,0,"117,901",n/a,n/a, - , - ,-,
Capcoal Mine,QLD,ANGLO COAL (CAPCOAL MANAGEMENT) PTY LIMITED,73010037564,"4,544,066",Calculated baseline,"1,879,565",0,0,0,"1,879,565",n/a,n/a, - , - ,-,
Carborough Downs Coal Mine,QLD,FITZROY (CQ) PTY LTD,61103902389,n/a,Multi-year monitoring period,"968,784",0,0,0,n/a,n/a,n/a, - , - ,Please refer to the Multi-year monitoring period reported emissions data table for more information.,
Carmichael Coal Mine,QLD,Adani Mining Pty Ltd,27145455205,"740,457",Calculated baseline,"190,781",0,0,0,"190,781",n/a,n/a, - , - ,-,
Carosue Dam Operations,WA,NORTHERN STAR (CAROSUE DAM) PTY LTD,14116649122,n/a,Multi-year monitoring period,"115,517",0,0,0,n/a,n/a,n/a, - , - ,Please refer to the Multi-year monitoring period reported emissions data table for more information.,
Caval Ridge Mine,QLD,BM Alliance Coal Operations Pty Limited,67096412752,"644,129",Production-adjusted baseline,"264,848",0,0,0,"264,848",n/a,n/a, - , - ,-,
CEM NSW Berrima,NSW,Boral Limited,13008421761,"1,054,904",Production-adjusted baseline,"1,012,081",0,0,0,"1,012,081",n/a,n/a, - , - ,-,
Chandala Processing Plant,WA,Tronox Management Pty Ltd,59009343364,"280,203",Production-adjusted baseline,"233,786",0,0,0,"233,786",n/a,n/a, - , - ,-,
Christmas Creek Mine,WA,CHICHESTER METALS PTY LTD,83109264262,"596,884",Calculated baseline,"373,646",0,0,0,"373,646",n/a,n/a, - , - ,-,
Clermont Coal Operations,QLD,Clermont Coal Operations Pty Limited,54166342418,"437,255",Calculated baseline,"361,701",0,0,0,"361,701",n/a,n/a, - , - ,-,
Cloudbreak Mine,WA,CHICHESTER METALS PTY LTD,83109264262,"405,681",Calculated baseline,"362,034",0,0,0,"362,034",n/a,n/a, - , - ,-,
Cockburn Operations,WA,ADBRI LIMITED,15007596018,"789,018",Production-adjusted baseline,"785,376",0,0,0,"785,376",n/a,n/a, - , - ,-,
Collinsville Mine,QLD,NC COAL COMPANY PTY LIMITED,71079862936,"144,171",Calculated baseline,"126,725",0,0,0,"126,725",n/a,n/a, - , - ,-,
Coppabella Coal Mine,QLD,PEABODY ENERGY AUSTRALIA PCI (C&M MANAGEMENT) PTY LTD,65077890932,"203,763",Calculated baseline,"194,038",0,0,0,"194,038",n/a,n/a, - , - ,-,
Cowal Operations,NSW,EVOLUTION MINING (COWAL) PTY LIMITED,75007857598,n/a,Multi-year monitoring period,"101,373",0,0,0,n/a,n/a,n/a, - , - ,Please refer to the Multi-year monitoring period reported emissions data table for more information.,
CSBP Kwinana Facility,WA,CSBP Limited,81008668371,"885,913",Production-adjusted baseline,"629,391",0,0,0,"629,391",n/a,n/a, - , - ,-,
CTC WA Facility,WA,CENTURION TRANSPORT CO. PTY LTD,42008746334,"126,062",Production-adjusted baseline,"109,567",0,0,0,"109,567",n/a,n/a, - , - ,-,
Curragh Mine,QLD,CORONADO AUSTRALIA HOLDINGS PTY LTD,23623524989,n/a,Multi-year monitoring period,"861,201",0,0,0,n/a,"2,329,133","3,117,281", - , - ,Please refer to the Multi-year monitoring period reported emissions data table for more information.,
Curtis Island GLNG Plant,QLD,Santos Limited,80007550923,"1,888,177",Calculated baseline,"1,685,966",0,0,0,"1,685,966",n/a,n/a, - , - ,-,
Dandenong,VIC,OCEANIA GLASS PTY LTD,99630152206,"123,348",Production-adjusted baseline,"116,420",0,0,0,"116,420",n/a,n/a, - , - ,-,
Darwin LNG Plant,NT,Santos Limited,80007550923,n/a,Multi-year monitoring period,"1,241,038",0,0,0,n/a,n/a,n/a, - , - ,Please refer to the Multi-year monitoring period reported emissions data table for more information.,
Daunia Mine,QLD,BM Alliance Coal Operations Pty Limited,67096412752,"310,899",Production-adjusted baseline,"163,888",0,0,0,"163,888",n/a,n/a, - , - ,-,
Dawson Mine,QLD,ANGLO COAL (DAWSON MANAGEMENT) PTY LTD,15006746701,n/a,Multi-year monitoring period,"432,807",0,0,0,n/a,"1,439,012","2,035,987", - , - ,Please refer to the Multi-year monitoring period reported emissions data table for more information.,
DBNGP,WA,DBNGP (WA) Transmission Pty Limited,69081609190,"246,362",Calculated baseline,"224,323",0,0,0,"224,323",n/a,n/a, - , - ,-,
DEN01,NSW,Dendrobium Coal Pty Ltd,85098744088,"386,274",Calculated baseline,"232,076",0,0,0,"232,076",n/a,n/a, - , - ,-,
Dongara Operations,WA,ADBRI LIMITED,15007596018,"122,883",Production-adjusted baseline,"112,536",0,0,0,"112,536",n/a,n/a, - , - ,-,
Drake Mine,QLD,Drake Mine Management Pty Ltd,30612261453,n/a,Multi-year monitoring period,"208,972",0,0,0,n/a,n/a,n/a, - , - ,Please refer to the Multi-year monitoring period reported emissions data table for more information.,
Duketon South Operations,WA,Regis Resources Limited,28009174761,"186,157",Calculated baseline,"171,680",0,0,0,"171,680",n/a,n/a, - , - ,-,
EGP,NSW; VIC,Jemena Eastern Gas Pipeline (1) Pty Ltd,15068570847,"145,997",Production-adjusted baseline,"108,209",0,0,0,"108,209",n/a,n/a, - , - ,-,
Eliwana Mine,WA,FMG SOLOMON PTY LTD,95128959179,"199,022",Calculated baseline,"156,384",0,0,0,"156,384",n/a,n/a, - , - ,-,
Ensham Resources Minesite,QLD,ENSHAM RESOURCES PTY. LIMITED,23011048678,n/a,Multi-year monitoring period,"307,273",0,0,0,n/a,n/a,n/a, - , - ,Please refer to the Multi-year monitoring period reported emissions data table for more information.,
Fairview,QLD,Santos Limited,80007550923,"549,476",Production-adjusted baseline,"341,841",0,0,0,"341,841",n/a,n/a, - , - ,-,
Fimiston Operations,WA,KALGOORLIE CONSOLIDATED GOLD MINES PTY LTD,97009377619,"242,659",Calculated baseline,"192,325",0,0,0,"192,325",n/a,n/a, - , - ,-,
Fisherman's Landing,QLD,CEMENT AUSTRALIA (QUEENSLAND) PTY LIMITED,70009658520,"1,795,018",Calculated baseline,"1,678,126",0,0,0,"1,678,126",n/a,n/a, - , - ,-,
FLNG,WA,SHELL AUSTRALIA PTY LTD,14009663576,"2,263,910",Calculated baseline,"1,840,672",0,0,0,"1,840,672",n/a,n/a, - , - ,-,
Foxleigh Mine,QLD,FOXLEIGH MANAGEMENT PTY LTD,27089726492,"281,190",Calculated baseline,"218,686",0,0,0,"218,686",n/a,n/a, - , - ,-,
Geelong Refinery,VIC,Viva Energy Refining Pty Ltd,46004303842,"1,094,298",Production-adjusted baseline,"1,076,739",0,0,0,"1,076,739",n/a,n/a, - , - ,-,
GEM01,NT,Groote Eylandt Mining Company Proprietary Limited,26004618491,"195,344",Calculated baseline,"192,995",0,0,0,"192,995",n/a,n/a, - , - ,-,
Gibson Island,QLD,Incitec Pivot Limited,42004080264,"544,910",Production-adjusted baseline,"396,976",0,0,0,"396,976",n/a,n/a, - , - ,-,
Gippsland Basin facility,VIC,ESSO AUSTRALIA RESOURCES PTY LTD,62091829819,"2,740,315",Production-adjusted baseline,"1,746,940",0,0,0,"1,746,940",n/a,n/a, - , - ,-,
Goldfields Gas Transmission Pipeline,WA,Goldfields Gas Transmission Pty Ltd,87004273241,n/a,Multi-year monitoring period,"131,592",0,0,0,n/a,"366,301","396,090", - , - ,Please refer to the Multi-year monitoring period reported emissions data table for more information.,
Goonyella Broadmeadow Mine,QLD,BM Alliance Coal Operations Pty Limited,67096412752,"1,736,739",Production-adjusted baseline,"1,314,139",0,0,0,"1,314,139",n/a,n/a, - , - ,-,
Gorgon Operations,WA,CHEVRON AUSTRALIA PTY LTD,29086197757,"8,336,476",Production-adjusted baseline,"8,318,842",0,0,0,"8,318,842",n/a,n/a, - , - ,-,
Gove Operations,NT,RTA GOVE PTY LIMITED,76000453663,"132,111",Production-adjusted baseline,"118,473","143,940","91,600","38,702","132,111",n/a,n/a, - , - ,The facility's net emissions number for 2021-22 was adjusted to include ACCUs issued in relation to an Emissions Reduction Fund project at the facility.,
Granny Smith Mine Site,WA,GSM MINING COMPANY PTY LTD,42165235030,"126,385",Calculated baseline,"120,157","13,157","6,929",0,"126,385",n/a,n/a, - , - ,The facility's net emissions number for 2021-22 was adjusted to include ACCUs issued in relation to an Emissions Reduction Fund project at the facility.,
Grosvenor Mine,QLD,ANGLO COAL (MORANBAH NORTH MANAGEMENT) PTY LIMITED,14069603587,"3,307,753",Calculated baseline,"775,806",0,0,0,"775,806",n/a,n/a, - , - ,-,
Gruyere Mine Site,WA,Gruyere Mining Company Pty Ltd,11615729005,"243,584",Calculated baseline,"197,497",0,0,0,"197,497",n/a,n/a, - , - ,-,
Hail Creek Mine,QLD,HAIL CREEK COAL PTY LTD,59080002008,"587,896",Calculated baseline,"543,611",0,0,0,"543,611",n/a,n/a, - , - ,-,
Hope Downs 1 Mine,WA,Hamersley HMS Pty Ltd,51115004129,"152,296",Calculated baseline,"165,509",0,0,"13,213","152,296",n/a,n/a, - , - ,-,
Hope Downs 4 Mine,WA,Hamersley HMS Pty Ltd,51115004129,"116,192",Production-adjusted baseline,"117,658",0,0,"1,466","116,192",n/a,n/a, - , - ,-,
Hunter Valley Operations mine,NSW,HV OPERATIONS PTY LTD,76606478399,"633,681",Calculated baseline,"577,874",0,0,0,"577,874",n/a,n/a, - , - ,-,
HVY01 Hunter Valley Energy Coal - CCL Facility,NSW,Hunter Valley Energy Coal Pty Ltd,39062894464,n/a,Multi-year monitoring period,"503,403",0,0,0,n/a,n/a,n/a, - , - ,Please refer to the Multi-year monitoring period reported emissions data table for more information.,
InfraBuild Steel Laverton Steel Mill,VIC,THE AUSTRALIAN STEEL COMPANY (OPERATIONS) PTY LTD,89069426955,"123,412",Production-adjusted baseline,"112,731",0,0,0,"112,731",n/a,n/a, - , - ,-,
Integra Underground Mine,NSW,HV Coking Coal Pty Limited,45605492804,"721,813",Calculated baseline,"277,236",0,0,0,"277,236",n/a,n/a, - , - ,-,
Jellinbah Mine,QLD,JELLINBAH MINING PTY LTD,63052251000,"256,527",Calculated baseline,"241,538",0,0,0,"241,538",n/a,n/a, - , - ,-,
JGN,NSW,Jemena Gas Networks (NSW) Ltd,87003004322,"477,774",Production-adjusted baseline,"400,018",0,0,0,"400,018",n/a,n/a, - , - ,-,
Jimblebar Mine,WA,BHP IRON ORE PTY LTD,46008700981,n/a,Multi-year monitoring period,"305,973",0,0,0,n/a,n/a,n/a, - , - ,Please refer to the Multi-year monitoring period reported emissions data table for more information.,
Jundee Gold Mine,WA,NORTHERN STAR RESOURCES LIMITED,43092832892,"173,116",Calculated baseline,"141,316",0,0,0,"141,316",n/a,n/a, - , - ,-,
Kemerton Silicon Smelter,WA,SIMCOA OPERATIONS PTY. LTD.,42009064653,"100,000",Production-adjusted baseline,"110,437",0,0,"10,437","100,000",n/a,n/a, - , - ,-,
Kestrel Coal Pty Ltd,QLD,Kestrel Coal Group Pty Ltd,70624655518,"1,655,916",Production-adjusted baseline,"1,236,654",0,0,0,"1,236,654",n/a,n/a, - , - ,-,
Koolyanobbing Iron Ore Operations,WA,Yilgarn Iron Pty Ltd,16626035078,"176,116",Calculated baseline,"131,692",0,0,0,"131,692",n/a,n/a, - , - ,-,
Kooragang Island,NSW,ORICA AUSTRALIA PTY LTD,99004117828,"1,291,767",Calculated baseline,"1,092,155",0,0,0,"1,092,155",n/a,n/a, - , - ,-,
Kwinana Alumina Refinery,WA,Alcoa of Australia Limited,93004879298,"1,366,709",Production-adjusted baseline,"1,253,485",0,0,0,"1,253,485",n/a,n/a, - , - ,-,
Kwinana Pigment Plant,WA,Tronox Management Pty Ltd,59009343364,"333,169",Production-adjusted baseline,"314,557",0,0,0,"314,557",n/a,n/a, - , - ,-,
Lake Vermont Mine,QLD,THIESS PTY LTD,87010221486,"394,117",Calculated baseline,"369,934",0,0,0,"369,934",n/a,n/a, - , - ,-,
Leinster Power Station,WA,TEC DESERT PTY LTD,47084695661,"154,495",Calculated baseline,"139,326",0,0,0,"139,326",n/a,n/a, - , - ,-,
Liberty Bell Bay,TAS,Liberty Bell Bay Pty Ltd,23004456035,"398,933",Production-adjusted baseline,"350,535",0,0,0,"350,535",n/a,n/a, - , - ,-,
Liberty Primary Steel Whyalla Steelworks,SA,ONESTEEL MANUFACTURING PTY LIMITED,42004651325,"2,690,509",Calculated baseline,"2,150,574",0,0,0,"2,150,574",n/a,n/a, - , - ,-,
Liddell Coal Mine,NSW,LIDDELL COAL OPERATIONS PTY. LIMITED,40058857882,"176,827",Calculated baseline,"168,363",0,0,0,"168,363",n/a,n/a, - , - ,-,
Mandalong Mine,NSW,CENTENNIAL MANDALONG PTY LIMITED,74101508892,"1,443,304",Calculated baseline,"1,401,895",0,0,0,"1,401,895",n/a,n/a, - , - ,-,
Mangoola,NSW,MANGOOLA COAL OPERATIONS PTY LIMITED,54127535755,"122,507",Calculated baseline,"100,044",0,0,0,"100,044",n/a,n/a, - , - ,-,
Marandoo Mine,WA,Hamersley Iron Pty. Limited,49004558276,"214,614",Calculated baseline,"159,346",0,0,0,"159,346",n/a,n/a, - , - ,-,
Maules Creek Open Cut Mine,NSW,MAULES CREEK COAL PTY LTD,70140533875,"367,513",Calculated baseline,"266,464",0,0,0,"266,464",n/a,n/a, - , - ,-,
McArthur River Power Station,NT,EDL NGD (NT) Pty Ltd,28065496577,"153,748",Production-adjusted baseline,"135,796",0,0,0,"135,796",n/a,n/a, - , - ,-,
Mesa A Mine,WA,Robe River Mining Co. Pty. Ltd.,71008694246,n/a,Multi-year monitoring period,"88,004",0,0,0,n/a,n/a,n/a, - , - ,Please refer to the Multi-year monitoring period reported emissions data table for more information.,
Metropolitan Colliery,NSW,METROPOLITAN COLLIERIES PTY. LTD.,91003135635,"663,700",Calculated baseline,"433,633",0,0,0,"433,633",n/a,n/a, - , - ,-,
Middlemount Coal Mine,QLD,Middlemount Coal Pty Ltd,49122348412,"268,480",Calculated baseline,"246,523",0,0,0,"246,523",n/a,n/a, - , - ,-,
Millicent Mill,SA,Kimberly-Clark Australia Pty. Limited,65000032333,"121,846",Calculated baseline,"104,395",0,0,0,"104,395",n/a,n/a, - , - ,-,
Mobil Altona Refinery,VIC,MOBIL REFINING AUSTRALIA PTY. LTD.,48004300163,n/a,Multi-year monitoring period,"110,446",0,0,0,n/a,n/a,n/a, - , - ,Please refer to the Multi-year monitoring period reported emissions data table for more information.,
Montara Operations,NT,JADESTONE ENERGY (EAGLE) PTY LTD,98627006679,"332,536",Calculated baseline,"262,068",0,0,0,"262,068",n/a,n/a, - , - ,-,
Moolarben Coal Mine (Open Cut & Underground),NSW,MOOLARBEN COAL OPERATIONS PTY LTD,59077939569,"361,814",Calculated baseline,"181,893",0,0,0,"181,893",n/a,n/a, - , - ,-,
Moomba Plant,SA,Santos Limited,80007550923,"2,252,960",Production-adjusted baseline,"2,175,400",0,0,0,"2,175,400",n/a,n/a, - , - ,-,
Moorvale Coal Mine,QLD,PEABODY ENERGY AUSTRALIA PCI (C&M MANAGEMENT) PTY LTD,65077890932,"239,233",Calculated baseline,"112,364",0,0,0,"112,364",n/a,n/a, - , - ,-,
Moranbah,QLD,Incitec Pivot Limited,42004080264,"610,520",Production-adjusted baseline,"601,867",0,0,0,"601,867",n/a,n/a, - , - ,-,
Moranbah North Mine,QLD,ANGLO COAL (MORANBAH NORTH MANAGEMENT) PTY LIMITED,14069603587,"4,533,701",Calculated baseline,"2,006,377",0,0,0,"2,006,377",n/a,n/a, - , - ,-,
Mount Isa Mines Copper and Zinc Operations,QLD,MOUNT ISA MINES LIMITED,87009661447,"610,598",Calculated baseline,"335,200",0,0,0,"335,200",n/a,n/a, - , - ,-,
Mount Pleasant Operations,NSW,MACH Energy Australia Pty Ltd,34608495441,"752,950",Production-adjusted baseline,"716,841",0,0,0,"716,841",n/a,n/a, - , - ,-,
Mt Keith Power Station,WA,TEC DESERT PTY LTD,47084695661,n/a,Multi-year monitoring period,"185,892",0,0,0,n/a,n/a,n/a, - , - ,Please refer to the Multi-year monitoring period reported emissions data table for more information.,
Mt Owen Glendell Complex,NSW,MT OWEN PTY LIMITED,83003827361,"286,172",Calculated baseline,"264,736",0,0,0,"264,736",n/a,n/a, - , - ,-,
Multinet Principal Distribution Network and South Gippsland Pipeline,VIC,MULTINET GAS (DB NO. 2) PTY LTD,57086230122,"315,124",Production-adjusted baseline,"204,713",0,0,0,"204,713",n/a,n/a, - , - ,-,
Murrin Murrin Operations,WA,MURRIN MURRIN OPERATIONS PTY LTD,43076717505,"617,082",Calculated baseline,"512,537",0,0,0,"512,537",n/a,n/a, - , - ,-,
Myuna Colliery,NSW,CENTENNIAL MYUNA PTY LIMITED,95101508981,"825,052",Calculated baseline,"320,525",0,0,0,"320,525",n/a,n/a, - , - ,-,
Narrabri Underground Mine,NSW,Narrabri Coal Operations Pty Ltd,15129850139,"1,116,113",Calculated baseline,"519,704",0,0,0,"519,704",n/a,n/a, - , - ,-,
New Illawarra Road Landfill,NSW,Cleanaway Waste Management Limited,74101155220,"129,952",Landfill baseline,"54,091",0,0,0,"54,091",n/a,n/a, - , - ,-,
New Illawarra Road Landfill,NSW,VEOLIA RECYCLING & RECOVERY ANZ PTY LIMITED,18002658255,"176,707",Landfill baseline,"73,574",0,0,0,"73,574",n/a,n/a, - , - ,-,
Newlands Coal Complex including Newlands Northern UG,QLD,NC COAL COMPANY PTY LIMITED,71079862936,"454,339",Calculated baseline,"414,271",0,0,0,"414,271",n/a,n/a, - , - ,-,
Newman Operations,WA,BHP IRON ORE PTY LTD,46008700981,n/a,Multi-year monitoring period,"305,076",0,0,0,n/a,"1,006,396","1,102,168", - , - ,Please refer to the Multi-year monitoring period reported emissions data table for more information.,
Newman Power Station,WA,ALINTA ENERGY TRANSMISSION (ROY HILL) PTY LTD,81159279857,"604,378",Calculated baseline,"389,496",0,0,0,"389,496",n/a,n/a, - , - ,-,
Newmont Boddington Gold Operation,WA,Newmont Boddington Pty Ltd,32062936547,"330,487",Production-adjusted baseline,"198,355",0,0,0,"198,355",n/a,n/a, - , - ,-,
Newmont Tanami Operation,NT,Newmont Tanami Pty Ltd,39007688093,"215,737",Calculated baseline,"187,794",0,0,0,"187,794",n/a,n/a, - , - ,-,
NGP,NT; QLD,JEMENA NORTHERN GAS PIPELINE PTY LTD,12607928790,"115,783",Production-adjusted baseline,"107,606",0,0,0,"107,606",n/a,n/a, - , - ,-,
Ningaloo Vision FPSO,WA,Santos Limited,80007550923,"546,091",Calculated baseline,"381,472",0,0,0,"381,472",n/a,n/a, - , - ,-,
NKS01 Nickel West Kalgoorlie Facility,WA,BHP NICKEL WEST PTY LTD,76004184598,"158,794",Production-adjusted baseline,"140,234",0,0,0,"140,234",n/a,n/a, - , - ,-,
NKW01 Nickel West Kwinana Facility,WA,BHP NICKEL WEST PTY LTD,76004184598,n/a,Multi-year monitoring period,"161,918",0,0,0,n/a,n/a,n/a, - , - ,Please refer to the Multi-year monitoring period reported emissions data table for more information.,
NMK01 Nickel West Mt Keith Facility,WA,BHP NICKEL WEST PTY LTD,76004184598,"209,693",Calculated baseline,"129,880",0,0,0,"129,880",n/a,n/a, - , - ,-,
Norske Skog Boyer Mill,TAS,Norske Skog Paper Mills (Australia) Limited,84009477132,"183,056",Calculated baseline,"171,463","19,743","19,743",0,"171,463",n/a,n/a, - , - ,The facility's net emissions number for 2021-22 was adjusted to include ACCUs issued in relation to an Emissions Reduction Fund project at the facility.,
North Goonyella Coal Mine,QLD,PEABODY (BOWEN) PTY LTD,50010879526,"225,651",Calculated baseline,"171,698",0,0,0,"171,698",n/a,n/a, - , - ,-,
North West Shelf Project,WA,Woodside Energy Ltd.,63005482986,n/a,Multi-year monitoring period,"6,418,032",0,0,0,n/a,n/a,n/a, - , - ,Please refer to the Multi-year monitoring period reported emissions data table for more information.,
Nowra Plant,NSW,Shoalhaven Starches Pty Ltd,94000045045,"477,214",Calculated baseline,"370,956",0,0,0,"370,956",n/a,n/a, - , - ,-,
NSW - Woodlawn Bioreactor,NSW,Veolia Environmental Services (Australia) Pty Ltd,20051316584,"140,540",Landfill baseline,"101,881",0,0,0,"101,881",n/a,n/a, - , - ,-,
Nyrstar Port Pirie Facility,SA,Nyrstar Port Pirie Pty Ltd,31008046428,"547,081",Calculated baseline,"428,561",0,0,0,"428,561",n/a,n/a, - , - ,-,
Oaky Creek Coal Complex,QLD,OAKY CREEK HOLDINGS PTY LIMITED,31128109062,"1,747,736",Production-adjusted baseline,"859,792",0,0,0,"859,792",n/a,n/a, - , - ,-,
ODS01 Olympic Dam – UOD Facility,SA,BHP OLYMPIC DAM CORPORATION PTY LTD,99007835761,"241,243",Production-adjusted baseline,"182,302",0,0,0,"182,302",n/a,n/a, - , - ,-,
Opal Australian Paper Maryvale Mill,VIC,PAPER AUSTRALIA PTY LTD,63061583533,"519,332",Production-adjusted baseline,"324,164",0,0,0,"324,164",n/a,n/a, - , - ,-,
Orora Glass Plant Gawler ,SA,Orora Limited,55004275165,"230,073",Production-adjusted baseline,"206,339",0,0,0,"206,339",n/a,n/a, - , - ,-,
Otway,VIC,BEACH ENERGY (OPERATIONS) LIMITED,66007845338,"200,355",Calculated baseline,"142,025",0,0,0,"142,025",n/a,n/a, - , - ,-,
Pacific National Transport Facility,National,PACIFIC NATIONAL PTY LTD,39098060550,n/a,Multi-year monitoring period,"871,855","2,324",0,0,n/a,n/a,n/a, - , - ,"Please refer to the Multi-year monitoring period reported emissions data table for more information.
The facility's net emissions number for 2021-22 was adjusted to include ACCUs issued in relation to an Emissions Reduction Fund project at the facility.",
Paraburdoo Mine,WA,Hamersley Iron Pty. Limited,49004558276,"120,836",Calculated baseline,"116,170",0,0,0,"116,170",n/a,n/a, - , - ,-,
Parkhurst Magnesia Manufacturing Plant,QLD,QMAG PTY LIMITED,68111279906,"238,915",Production-adjusted baseline,"235,791",0,0,0,"235,791",n/a,n/a, - , - ,-,
Peak Downs Mine,QLD,BM Alliance Coal Operations Pty Limited,67096412752,"586,447",Calculated baseline,"448,708",0,0,0,"448,708",n/a,n/a, - , - ,-,
Phosphate Hill,QLD,Incitec Pivot Limited,42004080264,"591,456",Calculated baseline,"464,031",0,0,0,"464,031",n/a,n/a, - , - ,-,
Pilbara Rail Operations,WA,PILBARA IRON PTY LTD,75107216535,"661,171",Production-adjusted baseline,"650,881",0,0,0,"650,881",n/a,n/a, - , - ,-,
Pinjarra Alumina Refinery,WA,Alcoa of Australia Limited,93004879298,"2,881,289",Production-adjusted baseline,"1,508,614",0,0,0,"1,508,614",n/a,n/a, - , - ,-,
Pluto LNG,WA,Woodside Burrup Pty. Ltd.,20120237416,n/a,Multi-year monitoring period,"1,943,418",0,0,0,n/a,n/a,n/a, - , - ,Please refer to the Multi-year monitoring period reported emissions data table for more information.,
Poitrel Mine,QLD,STANMORE SMC PTY LTD,34009713875,n/a,Multi-year monitoring period,"185,364",0,0,"5,594",n/a,"575,850","575,850", - , - ,Please refer to the Multi-year monitoring period reported emissions data table for more information.,
Port Kembla Steelworks,NSW,BLUESCOPE STEEL (AIS) PTY. LTD.,19000019625,"6,920,344",Production-adjusted baseline,"6,198,685",0,0,0,"6,198,685",n/a,n/a, - , - ,-,
Port Latta Pelletising Plant,TAS,GRANGE RESOURCES (TASMANIA) PTY LTD,30073634581,n/a,Multi-year monitoring period,"125,019",0,0,0,n/a,"368,068","377,127", - , - ,Please refer to the Multi-year monitoring period reported emissions data table for more information.,
Portland Aluminium Smelter,VIC,Alcoa Portland Aluminium Proprietary Limited,80006306752,"526,325",Production-adjusted baseline,"561,106",0,0,"34,781","526,325",n/a,n/a, - , - ,-,
PRL03 Rail - IOR Facility,WA,BHP IRON ORE PTY LTD,46008700981,"576,420",Production-adjusted baseline,"560,092",0,0,0,"560,092",n/a,n/a, - , - ,-,
Qantas Airways Limited National Transport Facility,National,Qantas Airways Limited,16009661901,"5,285,611",Calculated baseline,"3,057,585",0,0,0,"3,057,585",n/a,n/a, - , - ,-,
Qenos Altona Manufacturing,VIC,QENOS PTY LTD,62054196771,"339,177",Production-adjusted baseline,"273,777",0,0,0,"273,777",n/a,n/a, - , - ,-,
Qenos Botany Manufacturing,NSW,QENOS PTY LTD,62054196771,"551,253",Calculated baseline,"516,301",0,0,0,"516,301",n/a,n/a, - , - ,-,
QGC Upstream ,QLD,QGC PTY LIMITED,11089642553,"1,186,518",Production-adjusted baseline,"842,456",0,0,0,"842,456",n/a,n/a, - , - ,-,
Queensland,QLD,Alliance Aviation Services Limited,96153361525,n/a,Multi-year monitoring period,"81,118",0,0,0,n/a,n/a,n/a, - , - ,Please refer to the Multi-year monitoring period reported emissions data table for more information.,
Queensland Alumina Limited Refinery,QLD,QUEENSLAND ALUMINA LIMITED,98009725044,"3,434,256",Calculated baseline,"3,129,823",0,0,0,"3,129,823",n/a,n/a, - , - ,-,
Queensland Curtis LNG Plant,QLD,QCLNG Operating Company Pty Ltd,19138872385,"1,896,711",Production-adjusted baseline,"1,846,755",0,0,0,"1,846,755",n/a,n/a, - , - ,-,
Queensland Nitrates Ammonium Nitrate Plant,QLD,Queensland Nitrates Pty Ltd,63079889268,"271,190",Calculated baseline,"170,118",0,0,0,"170,118",n/a,n/a, - , - ,-,
Rail,WA,THE PILBARA INFRASTRUCTURE PTY LTD,52103096340,"310,731",Production-adjusted baseline,"245,338",0,0,0,"245,338",n/a,n/a, - , - ,-,
Railton,TAS,CEMENT AUSTRALIA (GOLIATH) PTY LIMITED,33009476546,"1,118,359",Calculated baseline,"988,167",0,0,0,"988,167",n/a,n/a, - , - ,-,
Ravensthorpe Nickel Operation,WA,FQM Australia Nickel Pty Ltd,92135761465,"324,093",Calculated baseline,"204,177",0,0,0,"204,177",n/a,n/a, - , - ,-,
Ravensworth Operations,NSW,RAVENSWORTH OPERATIONS PTY LIMITED,12098937761,"345,281",Calculated baseline,"268,698",0,0,0,"268,698",n/a,n/a, - , - ,-,
Ravensworth Underground Coal Mine,NSW,Resource Pacific Pty Limited,65106177708,"173,779",Calculated baseline,"126,640",0,0,0,"126,640",n/a,n/a, - , - ,-,
Refinery Qld Lytton,QLD,Ampol Limited,40004201307,"856,595",Production-adjusted baseline,"717,291",0,0,0,"717,291",n/a,n/a, - , - ,-,
Rio Tinto Marine - Qld,QLD,Rio Tinto Shipping (Asia) Pte Limited ,71242047864,"144,297",Calculated baseline,"122,674",0,0,0,"122,674",n/a,n/a, - , - ,-,
Rio Tinto Weipa,QLD,RTA WEIPA PTY LTD,54137266285,"271,438",Production-adjusted baseline,"259,515",0,0,0,"259,515",n/a,n/a, - , - ,-,
Rio Tinto Yarwun,QLD,RTA Yarwun Pty Ltd,73137266301,"2,141,939",Production-adjusted baseline,"2,128,344",0,0,0,"2,128,344",n/a,n/a, - , - ,-,
Rolleston Coal Mine,QLD,ROLLESTON COAL HOLDINGS PTY LIMITED,69098156702,"163,725",Calculated baseline,"160,537",0,0,0,"160,537",n/a,n/a, - , - ,-,
Roma Hub,QLD,Santos Limited,80007550923,"249,836",Production-adjusted baseline,"171,423",0,0,0,"171,423",n/a,n/a, - , - ,-,
Roy Hill Mine,WA,Roy Hill Holdings Pty Ltd,71123721077,"535,965",Calculated baseline,"486,884",0,0,0,"486,884",n/a,n/a, - , - ,-,
Russell Vale Colliery,NSW,WOLLONGONG RESOURCES PTY. LTD.,28111244896,"1,115,025",Calculated baseline,"143,325",0,0,0,"143,325",n/a,n/a, - , - ,-,
Saraji Mine,QLD,BM Alliance Coal Operations Pty Limited,67096412752,n/a,Multi-year monitoring period,"355,882",0,0,0,n/a,n/a,n/a, - , - ,Please refer to the Multi-year monitoring period reported emissions data table for more information.,
Savage River Mine,TAS,GRANGE RESOURCES (TASMANIA) PTY LTD,30073634581,n/a,Multi-year monitoring period,"102,828",0,0,0,n/a,"300,556","349,064", - , - ,Please refer to the Multi-year monitoring period reported emissions data table for more information.,
Sewerage West,VIC,Melbourne Water Corporation,81945386953,"168,625",Calculated baseline,"190,649",0,0,"22,024","168,625",n/a,n/a, - , - ,-,
Sino Iron Project – Cape Preston,WA,CITIC Pacific Mining Management Pty Ltd,64119578371,"1,610,964",Production-adjusted baseline,"1,241,468",0,0,0,"1,241,468",n/a,n/a, - , - ,-,
Sojitz Gregory Crinum Mine,QLD,SOJITZ DEVELOPMENT PTY LTD,34063050680,n/a,Multi-year monitoring period,"137,360",0,0,0,n/a,n/a,n/a, - , - ,Please refer to the Multi-year monitoring period reported emissions data table for more information.,
Solomon Mine,WA,FMG SOLOMON PTY LTD,95128959179,"449,709",Calculated baseline,"452,884",0,0,"37,726","415,158",n/a,n/a, - , - ,-,
Solomon Power Station,WA,FMG SOLOMON PTY LTD,95128959179,"345,831",Calculated baseline,"176,950",0,0,0,"176,950",n/a,n/a, - , - ,-,
South Walker Creek,QLD,STANMORE RESOURCES LIMITED,27131920968,n/a,Multi-year monitoring period,"340,550",0,0,0,n/a,n/a,n/a, - , - ,Please refer to the Multi-year monitoring period reported emissions data table for more information.,
South West Queensland Pipeline,QLD; SA,APA (SWQP) PTY LIMITED,67066656219,"176,381",Calculated baseline,"133,057",0,0,0,"133,057",n/a,n/a, - , - ,-,
South West Synthetic Rutile Operations,WA,Iluka Resources Limited,34008675018,"297,935",Production-adjusted baseline,"265,237",0,0,0,"265,237",n/a,n/a, - , - ,-,
Spring Gully,QLD,ORIGIN ENERGY UPSTREAM OPERATOR PTY LTD,67105423532,"402,602",Production-adjusted baseline,"228,381",0,0,0,"228,381",n/a,n/a, - , - ,-,
Start up and Operations of the Ichthys LNG Project,NT,INPEX Operations Australia Pty Ltd,48150217262,"7,067,789",Calculated baseline,"6,739,077",0,0,0,"6,739,077",n/a,n/a, - , - ,-,
Sunrise Dam,WA,AngloGold Ashanti Australia Limited,42008737424,"171,958",Calculated baseline,"180,641",0,0,"8,683","171,958",n/a,n/a, - , - ,-,
TAHMOOR COAL MINE,NSW,TAHMOOR COAL PTY LTD,97076663968,"2,008,287",Calculated baseline,"964,050",0,0,0,"964,050",n/a,n/a, - , - ,-,
Talinga,QLD,ORIGIN ENERGY UPSTREAM OPERATOR PTY LTD,67105423532,"270,790",Production-adjusted baseline,"226,291",0,0,0,"226,291",n/a,n/a, - , - ,-,
Telfer Gold Mine,WA,Newcrest Mining Limited,20005683625,"626,808",Calculated baseline,"498,129",0,0,0,"498,129",n/a,n/a, - , - ,-,
Thunderbox Operations,WA,NORTHERN STAR (THUNDERBOX) PTY LTD,15107154727,"213,075",Calculated baseline,"108,458",0,0,0,"108,458",n/a,n/a, - , - ,-,
Toll National Transport Facility,National,Toll Holdings Limited,25006592089,"72,096",Production-adjusted baseline,"72,034",0,0,0,"72,034",n/a,n/a, - , - ,-,
Tom Price Mine / WTS,WA,Hamersley Iron Pty. Limited,49004558276,"145,307",Production-adjusted baseline,"196,750",0,0,"51,443","145,307",n/a,n/a, - , - ,-,
Tomago Aluminium Smelter,NSW,TOMAGO ALUMINIUM COMPANY PTY LTD,68001862228,"1,241,117",Production-adjusted baseline,"1,156,673",0,0,0,"1,156,673",n/a,n/a, - , - ,-,
Tropicana Gold Mine,WA,AngloGold Ashanti Australia Limited,42008737424,"323,180",Calculated baseline,"304,274",0,0,0,"304,274",n/a,n/a, - , - ,-,
TT-Line - Victorian Operation,VIC,TT-Line Company Pty. Ltd.,39061996174,"161,416",Calculated baseline,"143,882",0,0,0,"143,882",n/a,n/a, - , - ,-,
United Coal Mine,NSW,UNITED COLLIERIES PTY LTD,67001990209,"330,425",Calculated baseline,"170,212",0,0,0,"170,212",n/a,n/a, - , - ,-,
V/Line,VIC,V/Line Corporation,91273289190,"140,686",Calculated baseline,"119,488",0,0,0,"119,488",n/a,n/a, - , - ,-,
Varanus Hub,WA,Santos Limited,80007550923,"463,700",Calculated baseline,"269,532",0,0,0,"269,532",n/a,n/a, - , - ,-,
Victoria,VIC,CSL Australia,70084400886,n/a,Multi-year monitoring period,"41,952",0,0,0,n/a,"151,597","300,274", - , - ,Please refer to the Multi-year monitoring period reported emissions data table for more information.,
Vincent Project Venture,WA,Woodside Energy Ltd.,63005482986,n/a,Multi-year monitoring period,"356,656",0,0,0,n/a,n/a,n/a, - , - ,Please refer to the Multi-year monitoring period reported emissions data table for more information.,
Virgin Australia Holdings National Transport Facility,National,VIRGIN AUSTRALIA HOLDINGS LIMITED,54100686226,"2,397,885",Calculated baseline,"1,284,605",0,0,0,"1,284,605",n/a,n/a, - , - ,-,
Wagerup Alumina Refinery,WA,Alcoa of Australia Limited,93004879298,"1,847,019",Production-adjusted baseline,"1,385,526",0,0,0,"1,385,526",n/a,n/a, - , - ,-,
Wambo Coal Mine,NSW,WAMBO COAL PTY LIMITED,13000668057,n/a,Multi-year monitoring period,"243,923",0,0,0,n/a,n/a,n/a, - , - ,Please refer to the Multi-year monitoring period reported emissions data table for more information.,
Warkworth Mine,NSW,Warkworth Mining Ltd,42001385842,"1,018,733",Calculated baseline,"817,271",0,0,0,"817,271",n/a,n/a, - , - ,-,
West Angelas Mine,WA,Robe River Mining Co. Pty. Ltd.,71008694246,"331,789",Calculated baseline,"265,301",0,0,0,"265,301",n/a,n/a, - , - ,-,
Western Australia,WA,Alliance Aviation Services Limited,96153361525,n/a,Multi-year monitoring period,"104,627",0,0,0,n/a,n/a,n/a, - , - ,Please refer to the Multi-year monitoring period reported emissions data table for more information.,
Western Port Works,VIC,BlueScope Steel Limited,16000011058,"136,024",Production-adjusted baseline,"112,503",0,0,0,"112,503",n/a,n/a, - , - ,-,
Wheatstone Operations,WA,CHEVRON AUSTRALIA PTY LTD,29086197757,"4,343,119",Calculated baseline,"3,907,075",0,0,0,"3,907,075",n/a,n/a, - , - ,-,
Wilpinjong Coal Mine,NSW,WILPINJONG COAL PTY LTD,87104594694,"208,562",Calculated baseline,"154,554",0,0,0,"154,554",n/a,n/a, - , - ,-,
WOR01,WA,South32 Worsley Alumina Pty Ltd,58008905155,"3,718,777",Calculated baseline,"3,553,775",0,0,0,"3,553,775",n/a,n/a, - , - ,-,
YAN01 Yandi/Marillana Creek Mine - MNG Facility,WA,BHP IRON ORE PTY LTD,46008700981,"223,714",Production-adjusted baseline,"149,694",0,0,0,"149,694",n/a,n/a, - , - ,-,
Yandicoogina Mine,WA,Hamersley Iron - Yandi Pty Limited,56009181793,"275,999",Production-adjusted baseline,"162,286",0,0,0,"162,286",n/a,n/a, - , - ,-,
Yarnima Power Station,WA,BHP IRON ORE PTY LTD,46008700981,"428,862",Production-adjusted baseline,"340,554",0,0,0,"340,554",n/a,n/a, - , - ,-,
Yarrabee Coal Mine (Open Cut),QLD,YARRABEE COAL COMPANY PTY. LTD.,30010849402,"190,339",Calculated baseline,"174,739",0,0,0,"174,739",n/a,n/a, - , - ,-,
Yarwun Nitrates,QLD,ORICA AUSTRALIA PTY LTD,99004117828,"321,343",Calculated baseline,"294,244",0,0,0,"294,244",n/a,n/a, - , - ,-,
YPF AMMONIA PLANT,WA,Yara Pilbara Fertilisers Pty Ltd,74095441151,"1,512,283",Calculated baseline,"1,383,385",0,0,0,"1,383,385",n/a,n/a, - , - ,-,